Electorate,ID1,ID2,Number
Bean,ON,UAPP,1395
Bean,ON,ALP,285
Bean,ON,IND,425
Bean,ON,GRN,109
Bean,ON,LP,466
Bean,UAPP,ALP,983
Bean,UAPP,IND,1613
Bean,UAPP,GRN,262
Bean,UAPP,LP,1368
Bean,IND,ALP,3392
Bean,IND,GRN,3981
Bean,IND,LP,2688
Bean,GRN,ALP,16215
Bean,GRN,LP,2696
Canberra,ON,UAPP,859
Canberra,ON,IND,205
Canberra,ON,LP,303
Canberra,ON,GRN,66
Canberra,ON,ALP,98
Canberra,UAPP,IND,1299
Canberra,UAPP,LP,845
Canberra,UAPP,GRN,169
Canberra,UAPP,ALP,233
Canberra,IND,LP,2140
Canberra,IND,GRN,2393
Canberra,IND,ALP,1743
Canberra,LP,GRN,9478
Canberra,LP,ALP,13912
Fenner,LDP,ALP,255
Fenner,LDP,LP,688
Fenner,LDP,UAPP,238
Fenner,LDP,ON,273
Fenner,LDP,GRN,252
Fenner,UAPP,ALP,351
Fenner,UAPP,LP,481
Fenner,UAPP,ON,1434
Fenner,UAPP,GRN,318
Fenner,ON,ALP,823
Fenner,ON,LP,2228
Fenner,ON,GRN,1075
Fenner,GRN,ALP,14437
Fenner,GRN,LP,2502
Banks,nan,LP,132
Banks,nan,LDP,147
Banks,nan,UAPP,118
Banks,nan,GRN,231
Banks,nan,ON,114
Banks,nan,ALP,219
Banks,LDP,LP,444
Banks,LDP,UAPP,558
Banks,LDP,GRN,92
Banks,LDP,ON,201
Banks,LDP,ALP,116
Banks,ON,LP,522
Banks,ON,UAPP,1806
Banks,ON,GRN,249
Banks,ON,ALP,366
Banks,UAPP,LP,3958
Banks,UAPP,GRN,1683
Banks,UAPP,ALP,1889
Banks,GRN,LP,2291
Banks,GRN,ALP,8027
Barton,ON,ALP,412
Barton,ON,UAPP,2850
Barton,ON,GRN,314
Barton,ON,LP,797
Barton,UAPP,ALP,2154
Barton,UAPP,GRN,1933
Barton,UAPP,LP,4374
Barton,GRN,ALP,11282
Barton,GRN,LP,2406
Bennelong,DPDA,SOPA,202
Bennelong,DPDA,GRN,260
Bennelong,DPDA,LDP,73
Bennelong,DPDA,LP,233
Bennelong,DPDA,UAPP,82
Bennelong,DPDA,ON,47
Bennelong,DPDA,ALP,311
Bennelong,LDP,SOPA,82
Bennelong,LDP,GRN,188
Bennelong,LDP,LP,671
Bennelong,LDP,UAPP,181
Bennelong,LDP,ON,320
Bennelong,LDP,ALP,170
Bennelong,ON,SOPA,166
Bennelong,ON,GRN,111
Bennelong,ON,LP,361
Bennelong,ON,UAPP,1225
Bennelong,ON,ALP,168
Bennelong,SOPA,GRN,1614
Bennelong,SOPA,LP,278
Bennelong,SOPA,UAPP,283
Bennelong,SOPA,ALP,400
Bennelong,UAPP,GRN,1094
Bennelong,UAPP,LP,2767
Bennelong,UAPP,ALP,825
Bennelong,GRN,LP,3331
Bennelong,GRN,ALP,11331
Berowra,CYA,LDP,60
Berowra,CYA,GRN,29
Berowra,CYA,ON,90
Berowra,CYA,LP,96
Berowra,CYA,SOPA,20
Berowra,CYA,ALP,30
Berowra,CYA,IND,33
Berowra,CYA,UAPP,108
Berowra,CYA,IND,43
Berowra,IND,LDP,18
Berowra,IND,GRN,54
Berowra,IND,ON,19
Berowra,IND,LP,71
Berowra,IND,SOPA,24
Berowra,IND,ALP,73
Berowra,IND,UAPP,51
Berowra,IND,IND,627
Berowra,SOPA,LDP,63
Berowra,SOPA,GRN,626
Berowra,SOPA,ON,50
Berowra,SOPA,LP,158
Berowra,SOPA,ALP,235
Berowra,SOPA,UAPP,47
Berowra,SOPA,IND,283
Berowra,LDP,GRN,536
Berowra,LDP,ON,311
Berowra,LDP,LP,1091
Berowra,LDP,ALP,148
Berowra,LDP,UAPP,236
Berowra,LDP,IND,126
Berowra,UAPP,GRN,149
Berowra,UAPP,ON,1586
Berowra,UAPP,LP,449
Berowra,UAPP,ALP,171
Berowra,UAPP,IND,402
Berowra,IND,GRN,1044
Berowra,IND,ON,480
Berowra,IND,LP,788
Berowra,IND,ALP,971
Berowra,ON,GRN,998
Berowra,ON,LP,3179
Berowra,ON,ALP,1331
Berowra,GRN,LP,4142
Berowra,GRN,ALP,13830
Blaxland,ON,LP,1700
Blaxland,ON,GRN,415
Blaxland,ON,ALP,420
Blaxland,ON,UAPP,1886
Blaxland,GRN,LP,986
Blaxland,GRN,ALP,3840
Blaxland,GRN,UAPP,776
Blaxland,UAPP,LP,3893
Blaxland,UAPP,ALP,3874
Bradfield,ON,IND,106
Bradfield,ON,ALP,52
Bradfield,ON,GRN,45
Bradfield,ON,IND,73
Bradfield,ON,UAPP,896
Bradfield,ON,LP,396
Bradfield,IND,IND,1840
Bradfield,IND,ALP,352
Bradfield,IND,GRN,475
Bradfield,IND,UAPP,120
Bradfield,IND,LP,304
Bradfield,UAPP,IND,1049
Bradfield,UAPP,ALP,346
Bradfield,UAPP,GRN,287
Bradfield,UAPP,LP,1830
Bradfield,GRN,IND,4592
Bradfield,GRN,ALP,4199
Bradfield,GRN,LP,976
Bradfield,ALP,IND,16472
Bradfield,ALP,LP,5379
Calare,UAPP,IND,622
Calare,UAPP,ON,2055
Calare,UAPP,GRN,153
Calare,UAPP,ALP,311
Calare,UAPP,NP,926
Calare,GRN,IND,2283
Calare,GRN,ON,332
Calare,GRN,ALP,1886
Calare,GRN,NP,543
Calare,ON,IND,4393
Calare,ON,ALP,1446
Calare,ON,NP,5605
Calare,ALP,IND,14083
Calare,ALP,NP,5812
Chifley,IND,ON,281
Chifley,IND,UAPP,307
Chifley,IND,LDP,187
Chifley,IND,GRN,310
Chifley,IND,LP,294
Chifley,IND,ALP,460
Chifley,LDP,ON,478
Chifley,LDP,UAPP,409
Chifley,LDP,GRN,400
Chifley,LDP,LP,1501
Chifley,LDP,ALP,662
Chifley,UAPP,ON,3414
Chifley,UAPP,GRN,718
Chifley,UAPP,LP,760
Chifley,UAPP,ALP,973
Chifley,GRN,ON,972
Chifley,GRN,LP,1551
Chifley,GRN,ALP,4527
Chifley,ON,LP,7355
Chifley,ON,ALP,3824
Cook,UAPP,ON,2767
Cook,UAPP,GRN,478
Cook,UAPP,LP,699
Cook,UAPP,ALP,437
Cook,ON,GRN,2217
Cook,ON,LP,3136
Cook,ON,ALP,2399
Cook,GRN,LP,2923
Cook,GRN,ALP,9457
Cowper,UAPP,ON,1169
Cowper,UAPP,ALP,156
Cowper,UAPP,NP,283
Cowper,UAPP,IND,353
Cowper,UAPP,LDP,462
Cowper,UAPP,GRN,251
Cowper,LDP,ON,1461
Cowper,LDP,ALP,400
Cowper,LDP,NP,1764
Cowper,LDP,IND,799
Cowper,LDP,GRN,354
Cowper,GRN,ON,495
Cowper,GRN,ALP,2268
Cowper,GRN,NP,631
Cowper,GRN,IND,3729
Cowper,ON,ALP,2469
Cowper,ON,NP,5482
Cowper,ON,IND,4221
Cowper,ALP,NP,6135
Cowper,ALP,IND,14724
Cunningham,CEC,LP,92
Cunningham,CEC,UAPP,242
Cunningham,CEC,ALP,183
Cunningham,CEC,GRN,292
Cunningham,CEC,LDP,116
Cunningham,CEC,ON,173
Cunningham,LDP,LP,928
Cunningham,LDP,UAPP,460
Cunningham,LDP,ALP,264
Cunningham,LDP,GRN,252
Cunningham,LDP,ON,419
Cunningham,UAPP,LP,969
Cunningham,UAPP,ALP,838
Cunningham,UAPP,GRN,596
Cunningham,UAPP,ON,3235
Cunningham,ON,LP,4841
Cunningham,ON,ALP,1925
Cunningham,ON,GRN,2279
Cunningham,GRN,LP,3640
Cunningham,GRN,ALP,21790
Dobell,LDP,SOPA,77
Dobell,LDP,UAPP,189
Dobell,LDP,LP,520
Dobell,LDP,GRN,87
Dobell,LDP,ON,387
Dobell,LDP,ALP,283
Dobell,SOPA,UAPP,667
Dobell,SOPA,LP,253
Dobell,SOPA,GRN,773
Dobell,SOPA,ON,211
Dobell,SOPA,ALP,375
Dobell,UAPP,LP,1185
Dobell,UAPP,GRN,594
Dobell,UAPP,ON,2351
Dobell,UAPP,ALP,544
Dobell,GRN,LP,1293
Dobell,GRN,ON,1256
Dobell,GRN,ALP,7605
Dobell,ON,LP,6699
Dobell,ON,ALP,5089
Eden-Monaro,AUD,SPP,102
Eden-Monaro,AUD,LDP,60
Eden-Monaro,AUD,ALP,168
Eden-Monaro,AUD,UAPP,50
Eden-Monaro,AUD,LP,75
Eden-Monaro,AUD,GRN,113
Eden-Monaro,AUD,IMO,18
Eden-Monaro,AUD,IND,46
Eden-Monaro,AUD,ON,19
Eden-Monaro,IMO,SPP,205
Eden-Monaro,IMO,LDP,93
Eden-Monaro,IMO,ALP,64
Eden-Monaro,IMO,UAPP,120
Eden-Monaro,IMO,LP,41
Eden-Monaro,IMO,GRN,61
Eden-Monaro,IMO,IND,198
Eden-Monaro,IMO,ON,145
Eden-Monaro,IND,SPP,410
Eden-Monaro,IND,LDP,206
Eden-Monaro,IND,ALP,370
Eden-Monaro,IND,UAPP,228
Eden-Monaro,IND,LP,239
Eden-Monaro,IND,GRN,314
Eden-Monaro,IND,ON,521
Eden-Monaro,UAPP,SPP,321
Eden-Monaro,UAPP,LDP,620
Eden-Monaro,UAPP,ALP,284
Eden-Monaro,UAPP,LP,356
Eden-Monaro,UAPP,GRN,124
Eden-Monaro,UAPP,ON,1259
Eden-Monaro,SPP,LDP,853
Eden-Monaro,SPP,ALP,785
Eden-Monaro,SPP,LP,270
Eden-Monaro,SPP,GRN,836
Eden-Monaro,SPP,ON,554
Eden-Monaro,LDP,ALP,1155
Eden-Monaro,LDP,LP,1697
Eden-Monaro,LDP,GRN,237
Eden-Monaro,LDP,ON,1368
Eden-Monaro,ON,ALP,2260
Eden-Monaro,ON,LP,4119
Eden-Monaro,ON,GRN,1838
Eden-Monaro,GRN,ALP,10782
Eden-Monaro,GRN,LP,2117
Farrer,LDP,GRN,73
Farrer,LDP,LP,384
Farrer,LDP,IND,125
Farrer,LDP,ASP,231
Farrer,LDP,ON,453
Farrer,LDP,UAPP,249
Farrer,LDP,ALP,80
Farrer,IND,GRN,699
Farrer,IND,LP,678
Farrer,IND,ASP,754
Farrer,IND,ON,375
Farrer,IND,UAPP,238
Farrer,IND,ALP,570
Farrer,UAPP,GRN,238
Farrer,UAPP,LP,530
Farrer,UAPP,ASP,689
Farrer,UAPP,ON,1914
Farrer,UAPP,ALP,386
Farrer,ASP,GRN,799
Farrer,ASP,LP,1971
Farrer,ASP,ON,3003
Farrer,ASP,ALP,1240
Farrer,GRN,LP,2914
Farrer,GRN,ON,1247
Farrer,GRN,ALP,6811
Farrer,ON,LP,7696
Farrer,ON,ALP,5659
Fowler,LDP,ALP,412
Fowler,LDP,UAPP,271
Fowler,LDP,IND,357
Fowler,LDP,LP,839
Fowler,LDP,ON,143
Fowler,LDP,GRN,72
Fowler,ON,ALP,324
Fowler,ON,UAPP,1497
Fowler,ON,IND,642
Fowler,ON,LP,374
Fowler,ON,GRN,353
Fowler,GRN,ALP,2422
Fowler,GRN,UAPP,428
Fowler,GRN,IND,1144
Fowler,GRN,LP,622
Fowler,UAPP,ALP,1853
Fowler,UAPP,IND,4377
Fowler,UAPP,LP,1478
Fowler,LP,ALP,5571
Fowler,LP,IND,12482
Gilmore,LDP,LP,255
Gilmore,LDP,IND,91
Gilmore,LDP,GRN,47
Gilmore,LDP,UAPP,132
Gilmore,LDP,ON,242
Gilmore,LDP,ALP,123
Gilmore,UAPP,LP,440
Gilmore,UAPP,IND,745
Gilmore,UAPP,GRN,213
Gilmore,UAPP,ON,1553
Gilmore,UAPP,ALP,289
Gilmore,IND,LP,1029
Gilmore,IND,GRN,1212
Gilmore,IND,ON,2333
Gilmore,IND,ALP,983
Gilmore,ON,LP,3825
Gilmore,ON,GRN,2430
Gilmore,ON,ALP,2326
Gilmore,GRN,LP,3176
Gilmore,GRN,ALP,12143
Grayndler,AJP,UAPP,21
Grayndler,AJP,ALP,177
Grayndler,AJP,LP,79
Grayndler,AJP,SOPA,110
Grayndler,AJP,IND,110
Grayndler,AJP,ON,64
Grayndler,AJP,GRN,587
Grayndler,SOPA,UAPP,44
Grayndler,SOPA,ALP,262
Grayndler,SOPA,LP,90
Grayndler,SOPA,IND,312
Grayndler,SOPA,ON,39
Grayndler,SOPA,GRN,585
Grayndler,ON,UAPP,831
Grayndler,ON,ALP,117
Grayndler,ON,LP,260
Grayndler,ON,IND,244
Grayndler,ON,GRN,100
Grayndler,IND,UAPP,373
Grayndler,IND,ALP,650
Grayndler,IND,LP,444
Grayndler,IND,GRN,1172
Grayndler,UAPP,ALP,744
Grayndler,UAPP,LP,1782
Grayndler,UAPP,GRN,844
Grayndler,LP,ALP,10740
Grayndler,LP,GRN,7026
Greenway,IND,UAPP,75
Greenway,IND,ALP,474
Greenway,IND,LDP,72
Greenway,IND,IND,442
Greenway,IND,ON,47
Greenway,IND,LP,397
Greenway,IND,GRN,108
Greenway,ON,UAPP,973
Greenway,ON,ALP,389
Greenway,ON,LDP,258
Greenway,ON,IND,408
Greenway,ON,LP,512
Greenway,ON,GRN,217
Greenway,LDP,UAPP,496
Greenway,LDP,ALP,728
Greenway,LDP,IND,579
Greenway,LDP,LP,1410
Greenway,LDP,GRN,131
Greenway,IND,UAPP,2532
Greenway,IND,ALP,892
Greenway,IND,LP,746
Greenway,IND,GRN,531
Greenway,GRN,UAPP,1019
Greenway,GRN,ALP,5864
Greenway,GRN,LP,1190
Greenway,UAPP,ALP,4966
Greenway,UAPP,LP,4488
Hughes,ON,LP,517
Hughes,ON,GRN,108
Hughes,ON,IND,256
Hughes,ON,UAPP,1162
Hughes,ON,IND,343
Hughes,ON,ALP,214
Hughes,IND,LP,477
Hughes,IND,GRN,337
Hughes,IND,IND,1761
Hughes,IND,UAPP,225
Hughes,IND,ALP,681
Hughes,GRN,LP,640
Hughes,GRN,IND,2622
Hughes,GRN,UAPP,290
Hughes,GRN,ALP,3011
Hughes,UAPP,LP,4172
Hughes,UAPP,IND,3162
Hughes,UAPP,ALP,1529
Hughes,IND,LP,7290
Hughes,IND,ALP,14402
Hume,LDP,ALP,44
Hume,LDP,UAPP,114
Hume,LDP,ON,144
Hume,LDP,IND,15
Hume,LDP,ASP,76
Hume,LDP,GRN,21
Hume,LDP,LP,239
Hume,LDP,IND,117
Hume,IND,ALP,144
Hume,IND,UAPP,48
Hume,IND,ON,88
Hume,IND,ASP,100
Hume,IND,GRN,160
Hume,IND,LP,78
Hume,IND,IND,521
Hume,ASP,ALP,412
Hume,ASP,UAPP,434
Hume,ASP,ON,953
Hume,ASP,GRN,284
Hume,ASP,LP,568
Hume,ASP,IND,633
Hume,UAPP,ALP,574
Hume,UAPP,ON,2724
Hume,UAPP,GRN,257
Hume,UAPP,LP,1282
Hume,UAPP,IND,539
Hume,GRN,ALP,2467
Hume,GRN,ON,454
Hume,GRN,LP,658
Hume,GRN,IND,2337
Hume,ON,ALP,2486
Hume,ON,LP,3653
Hume,ON,IND,5924
Hume,IND,ALP,17304
Hume,IND,LP,8812
Hunter,IMO,GRN,128
Hunter,IMO,ALP,95
Hunter,IMO,AJP,213
Hunter,IMO,IND,414
Hunter,IMO,UAPP,201
Hunter,IMO,NP,97
Hunter,IMO,ON,216
Hunter,IMO,IND,94
Hunter,IND,GRN,164
Hunter,IND,ALP,149
Hunter,IND,AJP,107
Hunter,IND,IND,861
Hunter,IND,UAPP,117
Hunter,IND,NP,259
Hunter,IND,ON,366
Hunter,AJP,GRN,888
Hunter,AJP,ALP,495
Hunter,AJP,IND,566
Hunter,AJP,UAPP,233
Hunter,AJP,NP,254
Hunter,AJP,ON,353
Hunter,UAPP,GRN,300
Hunter,UAPP,ALP,501
Hunter,UAPP,IND,1165
Hunter,UAPP,NP,864
Hunter,UAPP,ON,2091
Hunter,IND,GRN,1164
Hunter,IND,ALP,1592
Hunter,IND,NP,2024
Hunter,IND,ON,4352
Hunter,GRN,ALP,8992
Hunter,GRN,NP,2062
Hunter,GRN,ON,1152
Hunter,ON,ALP,4862
Hunter,ON,NP,14427
Kingsford Smith,ON,GRN,313
Kingsford Smith,ON,UAPP,1961
Kingsford Smith,ON,LP,477
Kingsford Smith,ON,ALP,300
Kingsford Smith,UAPP,GRN,1407
Kingsford Smith,UAPP,LP,2920
Kingsford Smith,UAPP,ALP,1022
Kingsford Smith,GRN,LP,3272
Kingsford Smith,GRN,ALP,14849
Lindsay,LDP,ALP,166
Lindsay,LDP,GRN,73
Lindsay,LDP,ON,219
Lindsay,LDP,UAPP,431
Lindsay,LDP,LP,558
Lindsay,LDP,IMO,180
Lindsay,IMO,ALP,276
Lindsay,IMO,GRN,287
Lindsay,IMO,ON,549
Lindsay,IMO,UAPP,660
Lindsay,IMO,LP,483
Lindsay,UAPP,ALP,651
Lindsay,UAPP,GRN,525
Lindsay,UAPP,ON,3277
Lindsay,UAPP,LP,910
Lindsay,GRN,ALP,6699
Lindsay,GRN,ON,1208
Lindsay,GRN,LP,1382
Lindsay,ON,ALP,4725
Lindsay,ON,LP,6731
Lyne,IND,UAPP,678
Lyne,IND,NP,494
Lyne,IND,ALP,431
Lyne,IND,IND,1590
Lyne,IND,LDP,107
Lyne,IND,ON,196
Lyne,IND,GRN,324
Lyne,UAPP,NP,1263
Lyne,UAPP,ALP,393
Lyne,UAPP,IND,596
Lyne,UAPP,LDP,1015
Lyne,UAPP,ON,1609
Lyne,UAPP,GRN,223
Lyne,IND,NP,1929
Lyne,IND,ALP,1649
Lyne,IND,LDP,1079
Lyne,IND,ON,1633
Lyne,IND,GRN,1470
Lyne,LDP,NP,3690
Lyne,LDP,ALP,920
Lyne,LDP,ON,3705
Lyne,LDP,GRN,710
Lyne,GRN,NP,2195
Lyne,GRN,ALP,7417
Lyne,GRN,ON,1537
Lyne,ON,NP,12189
Lyne,ON,ALP,4993
Macarthur,LDP,GRN,195
Macarthur,LDP,LP,882
Macarthur,LDP,ALP,372
Macarthur,LDP,UAPP,278
Macarthur,LDP,ON,470
Macarthur,UAPP,GRN,688
Macarthur,UAPP,LP,905
Macarthur,UAPP,ALP,1264
Macarthur,UAPP,ON,4023
Macarthur,GRN,LP,2335
Macarthur,GRN,ALP,5977
Macarthur,GRN,ON,1155
Macarthur,ON,LP,8099
Macarthur,ON,ALP,6425
Mackellar,TNL,ON,225
Mackellar,TNL,IND,155
Mackellar,TNL,ALP,47
Mackellar,TNL,LP,44
Mackellar,TNL,UAPP,34
Mackellar,TNL,GRN,70
Mackellar,ON,IND,516
Mackellar,ON,ALP,160
Mackellar,ON,LP,433
Mackellar,ON,UAPP,1645
Mackellar,ON,GRN,95
Mackellar,UAPP,IND,1426
Mackellar,UAPP,ALP,576
Mackellar,UAPP,LP,2105
Mackellar,UAPP,GRN,453
Mackellar,GRN,IND,3870
Mackellar,GRN,ALP,1957
Mackellar,GRN,LP,823
Mackellar,ALP,IND,8282
Mackellar,ALP,LP,2620
Macquarie,LDP,ON,255
Macquarie,LDP,ALP,138
Macquarie,LDP,UAPP,231
Macquarie,LDP,AJP,88
Macquarie,LDP,GRN,57
Macquarie,LDP,IMO,83
Macquarie,LDP,LP,420
Macquarie,IMO,ON,385
Macquarie,IMO,ALP,91
Macquarie,IMO,UAPP,473
Macquarie,IMO,AJP,216
Macquarie,IMO,GRN,120
Macquarie,IMO,LP,116
Macquarie,AJP,ON,287
Macquarie,AJP,ALP,650
Macquarie,AJP,UAPP,265
Macquarie,AJP,GRN,879
Macquarie,AJP,LP,236
Macquarie,UAPP,ON,2339
Macquarie,UAPP,ALP,437
Macquarie,UAPP,GRN,282
Macquarie,UAPP,LP,685
Macquarie,ON,ALP,2509
Macquarie,ON,GRN,1548
Macquarie,ON,LP,4164
Macquarie,GRN,ALP,10293
Macquarie,GRN,LP,1708
McMahon,LDP,ALP,367
McMahon,LDP,UAPP,490
McMahon,LDP,ON,722
McMahon,LDP,LP,929
McMahon,LDP,GRN,314
McMahon,GRN,ALP,3478
McMahon,GRN,UAPP,559
McMahon,GRN,ON,359
McMahon,GRN,LP,840
McMahon,ON,ALP,1002
McMahon,ON,UAPP,3476
McMahon,ON,LP,1215
McMahon,UAPP,ALP,4909
McMahon,UAPP,LP,7339
Mitchell,ON,LDP,716
Mitchell,ON,UAPP,1393
Mitchell,ON,GRN,222
Mitchell,ON,ALP,234
Mitchell,ON,LP,693
Mitchell,LDP,UAPP,1694
Mitchell,LDP,GRN,459
Mitchell,LDP,ALP,530
Mitchell,LDP,LP,1741
Mitchell,UAPP,GRN,2065
Mitchell,UAPP,ALP,1797
Mitchell,UAPP,LP,3141
Mitchell,GRN,ALP,12373
Mitchell,GRN,LP,3169
New England,UAPP,LDP,287
New England,UAPP,IND,382
New England,UAPP,NP,442
New England,UAPP,IND,260
New England,UAPP,ON,878
New England,UAPP,GRN,116
New England,UAPP,ALP,180
New England,IND,LDP,268
New England,IND,NP,385
New England,IND,IND,1653
New England,IND,ON,184
New England,IND,GRN,286
New England,IND,ALP,314
New England,LDP,NP,1893
New England,LDP,IND,751
New England,LDP,ON,538
New England,LDP,GRN,177
New England,LDP,ALP,370
New England,ON,NP,2174
New England,ON,IND,2714
New England,ON,GRN,573
New England,ON,ALP,709
New England,GRN,NP,876
New England,GRN,IND,1940
New England,GRN,ALP,5861
New England,IND,NP,7816
New England,IND,ALP,7161
Newcastle,CYA,GRN,433
Newcastle,CYA,UAPP,168
Newcastle,CYA,ALP,117
Newcastle,CYA,IMO,119
Newcastle,CYA,LP,90
Newcastle,CYA,ON,92
Newcastle,CYA,AJP,83
Newcastle,IMO,GRN,161
Newcastle,IMO,UAPP,193
Newcastle,IMO,ALP,115
Newcastle,IMO,LP,110
Newcastle,IMO,ON,397
Newcastle,IMO,AJP,283
Newcastle,UAPP,GRN,359
Newcastle,UAPP,ALP,412
Newcastle,UAPP,LP,366
Newcastle,UAPP,ON,1479
Newcastle,UAPP,AJP,262
Newcastle,AJP,GRN,1549
Newcastle,AJP,ALP,566
Newcastle,AJP,LP,371
Newcastle,AJP,ON,691
Newcastle,ON,GRN,1935
Newcastle,ON,ALP,1588
Newcastle,ON,LP,3893
Newcastle,GRN,ALP,22458
Newcastle,GRN,LP,3174
North Sydney,IMO,SPP,60
North Sydney,IMO,UAPP,70
North Sydney,IMO,GRN,43
North Sydney,IMO,TNL,36
North Sydney,IMO,LDP,81
North Sydney,IMO,LP,41
North Sydney,IMO,IND,49
North Sydney,IMO,ON,88
North Sydney,IMO,ALP,23
North Sydney,TNL,SPP,71
North Sydney,TNL,UAPP,15
North Sydney,TNL,GRN,185
North Sydney,TNL,LDP,53
North Sydney,TNL,LP,144
North Sydney,TNL,IND,304
North Sydney,TNL,ON,11
North Sydney,TNL,ALP,139
North Sydney,ON,SPP,86
North Sydney,ON,UAPP,542
North Sydney,ON,GRN,34
North Sydney,ON,LDP,221
North Sydney,ON,LP,209
North Sydney,ON,IND,100
North Sydney,ON,ALP,56
North Sydney,SPP,UAPP,359
North Sydney,SPP,GRN,387
North Sydney,SPP,LDP,83
North Sydney,SPP,LP,123
North Sydney,SPP,IND,275
North Sydney,SPP,ALP,153
North Sydney,LDP,UAPP,579
North Sydney,LDP,GRN,75
North Sydney,LDP,LP,640
North Sydney,LDP,IND,160
North Sydney,LDP,ALP,107
North Sydney,UAPP,GRN,544
North Sydney,UAPP,LP,1210
North Sydney,UAPP,IND,1159
North Sydney,UAPP,ALP,382
North Sydney,GRN,LP,1256
North Sydney,GRN,IND,4428
North Sydney,GRN,ALP,3892
North Sydney,ALP,LP,5147
North Sydney,ALP,IND,20440
Page,TNL,LDP,14
Page,TNL,ON,11
Page,TNL,GRN,25
Page,TNL,CYA,8
Page,TNL,ALP,17
Page,TNL,IAP,17
Page,TNL,UAPP,12
Page,TNL,NP,27
Page,TNL,IND,112
Page,CYA,LDP,295
Page,CYA,ON,148
Page,CYA,GRN,59
Page,CYA,ALP,44
Page,CYA,IAP,70
Page,CYA,UAPP,52
Page,CYA,NP,59
Page,CYA,IND,97
Page,IAP,LDP,91
Page,IAP,ON,160
Page,IAP,GRN,395
Page,IAP,ALP,285
Page,IAP,UAPP,129
Page,IAP,NP,268
Page,IAP,IND,492
Page,UAPP,LDP,528
Page,UAPP,ON,1008
Page,UAPP,GRN,118
Page,UAPP,ALP,165
Page,UAPP,NP,468
Page,UAPP,IND,337
Page,LDP,ON,2163
Page,LDP,GRN,306
Page,LDP,ALP,325
Page,LDP,NP,1560
Page,LDP,IND,470
Page,ON,GRN,1025
Page,ON,ALP,1141
Page,ON,NP,3626
Page,ON,IND,3319
Page,GRN,ALP,4636
Page,GRN,NP,1070
Page,GRN,IND,5085
Page,IND,ALP,14913
Page,IND,NP,8733
Parkes,IMO,IAP,167
Parkes,IMO,LDP,360
Parkes,IMO,ON,217
Parkes,IMO,NP,118
Parkes,IMO,UAPP,148
Parkes,IMO,IND,159
Parkes,IMO,ALP,144
Parkes,IMO,GRN,199
Parkes,IND,IAP,350
Parkes,IND,LDP,198
Parkes,IND,ON,313
Parkes,IND,NP,445
Parkes,IND,UAPP,239
Parkes,IND,ALP,518
Parkes,IND,GRN,287
Parkes,UAPP,IAP,322
Parkes,UAPP,LDP,400
Parkes,UAPP,ON,1129
Parkes,UAPP,NP,505
Parkes,UAPP,ALP,260
Parkes,UAPP,GRN,143
Parkes,GRN,IAP,1401
Parkes,GRN,LDP,221
Parkes,GRN,ON,302
Parkes,GRN,NP,649
Parkes,GRN,ALP,2270
Parkes,IAP,LDP,1613
Parkes,IAP,ON,1339
Parkes,IAP,NP,1334
Parkes,IAP,ALP,2420
Parkes,LDP,ON,3877
Parkes,LDP,NP,3428
Parkes,LDP,ALP,1210
Parkes,ON,NP,10023
Parkes,ON,ALP,3816
Parramatta,LDP,AJP,51
Parramatta,LDP,LP,491
Parramatta,LDP,ON,160
Parramatta,LDP,UAPP,289
Parramatta,LDP,GRN,77
Parramatta,LDP,ALP,145
Parramatta,LDP,IND,97
Parramatta,ON,AJP,209
Parramatta,ON,LP,427
Parramatta,ON,UAPP,990
Parramatta,ON,GRN,103
Parramatta,ON,ALP,160
Parramatta,ON,IND,282
Parramatta,AJP,LP,992
Parramatta,AJP,UAPP,314
Parramatta,AJP,GRN,603
Parramatta,AJP,ALP,405
Parramatta,AJP,IND,343
Parramatta,IND,LP,1127
Parramatta,IND,UAPP,827
Parramatta,IND,GRN,756
Parramatta,IND,ALP,994
Parramatta,UAPP,LP,3514
Parramatta,UAPP,GRN,1651
Parramatta,UAPP,ALP,1524
Parramatta,GRN,LP,2242
Parramatta,GRN,ALP,8494
Paterson,LDP,ON,285
Paterson,LDP,LP,484
Paterson,LDP,ALP,195
Paterson,LDP,IMO,125
Paterson,LDP,GRN,152
Paterson,LDP,UAPP,380
Paterson,IMO,ON,580
Paterson,IMO,LP,176
Paterson,IMO,ALP,315
Paterson,IMO,GRN,341
Paterson,IMO,UAPP,596
Paterson,UAPP,ON,3552
Paterson,UAPP,LP,590
Paterson,UAPP,ALP,555
Paterson,UAPP,GRN,753
Paterson,GRN,ON,1316
Paterson,GRN,LP,1144
Paterson,GRN,ALP,7463
Paterson,ON,LP,9102
Paterson,ON,ALP,5994
Reid,SOPA,ALP,362
Reid,SOPA,ON,73
Reid,SOPA,IND,229
Reid,SOPA,LDP,43
Reid,SOPA,LP,79
Reid,SOPA,UAPP,49
Reid,SOPA,GRN,718
Reid,LDP,ALP,236
Reid,LDP,ON,215
Reid,LDP,IND,185
Reid,LDP,LP,779
Reid,LDP,UAPP,371
Reid,LDP,GRN,81
Reid,ON,ALP,215
Reid,ON,IND,458
Reid,ON,LP,377
Reid,ON,UAPP,1159
Reid,ON,GRN,76
Reid,IND,ALP,1055
Reid,IND,LP,1068
Reid,IND,UAPP,980
Reid,IND,GRN,763
Reid,UAPP,ALP,1487
Reid,UAPP,LP,2386
Reid,UAPP,GRN,1216
Reid,GRN,ALP,9953
Reid,GRN,LP,2085
Richmond,IND,IND,903
Richmond,IND,IMO,101
Richmond,IND,IND,94
Richmond,IND,LDP,38
Richmond,IND,ALP,30
Richmond,IND,NP,31
Richmond,IND,ON,23
Richmond,IND,GRN,30
Richmond,IND,UAPP,24
Richmond,IMO,IND,416
Richmond,IMO,IND,991
Richmond,IMO,LDP,217
Richmond,IMO,ALP,75
Richmond,IMO,NP,41
Richmond,IMO,ON,263
Richmond,IMO,GRN,193
Richmond,IMO,UAPP,176
Richmond,UAPP,IND,225
Richmond,UAPP,IND,157
Richmond,UAPP,LDP,523
Richmond,UAPP,ALP,178
Richmond,UAPP,NP,257
Richmond,UAPP,ON,1451
Richmond,UAPP,GRN,331
Richmond,IND,IND,2343
Richmond,IND,LDP,210
Richmond,IND,ALP,294
Richmond,IND,NP,219
Richmond,IND,ON,126
Richmond,IND,GRN,326
Richmond,IND,LDP,2465
Richmond,IND,ALP,568
Richmond,IND,NP,479
Richmond,IND,ON,1148
Richmond,IND,GRN,1266
Richmond,ON,LDP,2965
Richmond,ON,ALP,824
Richmond,ON,NP,2052
Richmond,ON,GRN,1243
Richmond,LDP,ALP,2677
Richmond,LDP,NP,9175
Richmond,LDP,GRN,2247
Richmond,GRN,ALP,24725
Richmond,GRN,NP,6127
Riverina,UAPP,ON,985
Riverina,UAPP,ALP,269
Riverina,UAPP,ASP,361
Riverina,UAPP,NP,383
Riverina,UAPP,IND,179
Riverina,UAPP,LDP,320
Riverina,UAPP,GRN,88
Riverina,IND,ON,534
Riverina,IND,ALP,457
Riverina,IND,ASP,507
Riverina,IND,NP,481
Riverina,IND,LDP,401
Riverina,IND,GRN,500
Riverina,GRN,ON,426
Riverina,GRN,ALP,4304
Riverina,GRN,ASP,673
Riverina,GRN,NP,847
Riverina,GRN,LDP,687
Riverina,ASP,ON,2607
Riverina,ASP,ALP,1643
Riverina,ASP,NP,2463
Riverina,ASP,LDP,1108
Riverina,LDP,ON,3119
Riverina,LDP,ALP,1596
Riverina,LDP,NP,4364
Riverina,ON,ALP,6223
Riverina,ON,NP,9490
Robertson,CYA,AJP,12
Robertson,CYA,ALP,13
Robertson,CYA,CEC,20
Robertson,CYA,LP,13
Robertson,CYA,UAPP,16
Robertson,CYA,LDP,14
Robertson,CYA,IAP,12
Robertson,CYA,ON,53
Robertson,CYA,IMO,38
Robertson,CYA,GRN,29
Robertson,CEC,AJP,47
Robertson,CEC,ALP,42
Robertson,CEC,LP,44
Robertson,CEC,UAPP,32
Robertson,CEC,LDP,25
Robertson,CEC,IAP,33
Robertson,CEC,ON,27
Robertson,CEC,IMO,20
Robertson,CEC,GRN,22
Robertson,LDP,AJP,26
Robertson,LDP,ALP,59
Robertson,LDP,LP,254
Robertson,LDP,UAPP,153
Robertson,LDP,IAP,38
Robertson,LDP,ON,158
Robertson,LDP,IMO,52
Robertson,LDP,GRN,35
Robertson,IAP,AJP,226
Robertson,IAP,ALP,237
Robertson,IAP,LP,111
Robertson,IAP,UAPP,68
Robertson,IAP,ON,106
Robertson,IAP,IMO,131
Robertson,IAP,GRN,331
Robertson,IMO,AJP,201
Robertson,IMO,ALP,95
Robertson,IMO,LP,74
Robertson,IMO,UAPP,414
Robertson,IMO,ON,399
Robertson,IMO,GRN,172
Robertson,AJP,ALP,828
Robertson,AJP,LP,294
Robertson,AJP,UAPP,303
Robertson,AJP,ON,274
Robertson,AJP,GRN,762
Robertson,UAPP,ALP,322
Robertson,UAPP,LP,909
Robertson,UAPP,ON,2165
Robertson,UAPP,GRN,382
Robertson,ON,ALP,1676
Robertson,ON,LP,3170
Robertson,ON,GRN,2015
Robertson,GRN,ALP,10774
Robertson,GRN,LP,2616
Shortland,IND,AJP,496
Shortland,IND,LDP,324
Shortland,IND,LP,325
Shortland,IND,ALP,501
Shortland,IND,UAPP,187
Shortland,IND,GRN,410
Shortland,IND,ON,311
Shortland,LDP,AJP,270
Shortland,LDP,LP,1444
Shortland,LDP,ALP,313
Shortland,LDP,UAPP,696
Shortland,LDP,GRN,143
Shortland,LDP,ON,442
Shortland,AJP,LP,1032
Shortland,AJP,ALP,783
Shortland,AJP,UAPP,403
Shortland,AJP,GRN,1054
Shortland,AJP,ON,473
Shortland,UAPP,LP,742
Shortland,UAPP,ALP,478
Shortland,UAPP,GRN,526
Shortland,UAPP,ON,2665
Shortland,ON,LP,5281
Shortland,ON,ALP,2222
Shortland,ON,GRN,2785
Shortland,GRN,LP,3275
Shortland,GRN,ALP,11553
Sydney,CEC,SAL,106
Sydney,CEC,ALP,269
Sydney,CEC,ON,74
Sydney,CEC,GRN,275
Sydney,CEC,UAPP,130
Sydney,CEC,LP,148
Sydney,SAL,ALP,522
Sydney,SAL,ON,138
Sydney,SAL,GRN,831
Sydney,SAL,UAPP,75
Sydney,SAL,LP,58
Sydney,ON,ALP,242
Sydney,ON,GRN,222
Sydney,ON,UAPP,1309
Sydney,ON,LP,328
Sydney,UAPP,ALP,658
Sydney,UAPP,GRN,1029
Sydney,UAPP,LP,2125
Sydney,LP,ALP,14669
Sydney,LP,GRN,8266
Warringah,AJP,ON,104
Warringah,AJP,IND,412
Warringah,AJP,UAPP,100
Warringah,AJP,GRN,452
Warringah,AJP,LP,191
Warringah,AJP,ALP,216
Warringah,ON,IND,356
Warringah,ON,UAPP,1261
Warringah,ON,GRN,97
Warringah,ON,LP,285
Warringah,ON,ALP,85
Warringah,UAPP,IND,997
Warringah,UAPP,GRN,436
Warringah,UAPP,LP,1866
Warringah,UAPP,ALP,264
Warringah,GRN,IND,4770
Warringah,GRN,LP,771
Warringah,GRN,ALP,2354
Warringah,ALP,IND,8525
Warringah,ALP,LP,2200
Watson,ON,LP,702
Watson,ON,UAPP,2539
Watson,ON,ALP,544
Watson,ON,GRN,393
Watson,GRN,LP,935
Watson,GRN,UAPP,850
Watson,GRN,ALP,6808
Watson,UAPP,LP,5521
Watson,UAPP,ALP,3994
Wentworth,ON,ALP,56
Wentworth,ON,GRN,56
Wentworth,ON,UAPP,475
Wentworth,ON,IND,76
Wentworth,ON,LDP,126
Wentworth,ON,LP,106
Wentworth,LDP,ALP,56
Wentworth,LDP,GRN,44
Wentworth,LDP,UAPP,650
Wentworth,LDP,IND,126
Wentworth,LDP,LP,596
Wentworth,UAPP,ALP,311
Wentworth,UAPP,GRN,269
Wentworth,UAPP,IND,932
Wentworth,UAPP,LP,1426
Wentworth,GRN,ALP,2835
Wentworth,GRN,IND,4442
Wentworth,GRN,LP,502
Wentworth,ALP,IND,10800
Wentworth,ALP,LP,2112
Werriwa,ON,LDP,890
Werriwa,ON,UAPP,2011
Werriwa,ON,ALP,662
Werriwa,ON,GRN,529
Werriwa,ON,LP,1004
Werriwa,GRN,LDP,673
Werriwa,GRN,UAPP,1088
Werriwa,GRN,ALP,4521
Werriwa,GRN,LP,1019
Werriwa,LDP,UAPP,4566
Werriwa,LDP,ALP,2215
Werriwa,LDP,LP,3760
Werriwa,UAPP,ALP,8667
Werriwa,UAPP,LP,7811
Whitlam,LDP,ALP,731
Whitlam,LDP,ON,746
Whitlam,LDP,LP,1715
Whitlam,LDP,UAPP,664
Whitlam,LDP,GRN,206
Whitlam,UAPP,ALP,886
Whitlam,UAPP,ON,3303
Whitlam,UAPP,LP,1555
Whitlam,UAPP,GRN,806
Whitlam,ON,ALP,3304
Whitlam,ON,LP,5572
Whitlam,ON,GRN,2716
Whitlam,GRN,ALP,11544
Whitlam,GRN,LP,3963
Lingiari,IND,CLP,14
Lingiari,IND,GRN,25
Lingiari,IND,CEC,9
Lingiari,IND,UAPP,15
Lingiari,IND,ALP,25
Lingiari,IND,IND,277
Lingiari,IND,ON,31
Lingiari,IND,LDP,13
Lingiari,CEC,CLP,115
Lingiari,CEC,GRN,94
Lingiari,CEC,UAPP,101
Lingiari,CEC,ALP,49
Lingiari,CEC,IND,86
Lingiari,CEC,ON,29
Lingiari,CEC,LDP,32
Lingiari,IND,CLP,190
Lingiari,IND,GRN,320
Lingiari,IND,UAPP,179
Lingiari,IND,ALP,230
Lingiari,IND,ON,283
Lingiari,IND,LDP,109
Lingiari,LDP,CLP,705
Lingiari,LDP,GRN,214
Lingiari,LDP,UAPP,315
Lingiari,LDP,ALP,340
Lingiari,LDP,ON,528
Lingiari,UAPP,CLP,582
Lingiari,UAPP,GRN,435
Lingiari,UAPP,ALP,347
Lingiari,UAPP,ON,1128
Lingiari,ON,CLP,2505
Lingiari,ON,GRN,1042
Lingiari,ON,ALP,922
Lingiari,GRN,CLP,2469
Lingiari,GRN,ALP,4679
Solomon,UAPP,LDP,385
Solomon,UAPP,GRN,293
Solomon,UAPP,ALP,281
Solomon,UAPP,CLP,292
Solomon,UAPP,ON,1377
Solomon,ON,LDP,1696
Solomon,ON,GRN,756
Solomon,ON,ALP,519
Solomon,ON,CLP,1354
Solomon,LDP,GRN,1921
Solomon,LDP,ALP,1706
Solomon,LDP,CLP,4293
Solomon,GRN,ALP,8445
Solomon,GRN,CLP,2689
Blair,AUVA,GRN,219
Blair,AUVA,LDP,175
Blair,AUVA,UAPP,213
Blair,AUVA,ON,414
Blair,AUVA,ALP,274
Blair,AUVA,AJP,482
Blair,AUVA,LNP,326
Blair,AJP,GRN,1055
Blair,AJP,LDP,185
Blair,AJP,UAPP,342
Blair,AJP,ON,593
Blair,AJP,ALP,463
Blair,AJP,LNP,407
Blair,LDP,GRN,542
Blair,LDP,UAPP,659
Blair,LDP,ON,736
Blair,LDP,ALP,477
Blair,LDP,LNP,1026
Blair,UAPP,GRN,1124
Blair,UAPP,ON,4622
Blair,UAPP,ALP,870
Blair,UAPP,LNP,951
Blair,GRN,ON,3433
Blair,GRN,ALP,10222
Blair,GRN,LNP,2398
Blair,ON,ALP,8775
Blair,ON,LNP,11442
Bonner,UAPP,LNP,647
Bonner,UAPP,ON,1852
Bonner,UAPP,ALP,328
Bonner,UAPP,GRN,350
Bonner,ON,LNP,4254
Bonner,ON,ALP,1244
Bonner,ON,GRN,1725
Bonner,GRN,LNP,3379
Bonner,GRN,ALP,14840
Bowman,TNL,ON,188
Bowman,TNL,UAPP,157
Bowman,TNL,GRN,408
Bowman,TNL,LNP,229
Bowman,TNL,ALP,261
Bowman,UAPP,ON,4609
Bowman,UAPP,GRN,744
Bowman,UAPP,LNP,906
Bowman,UAPP,ALP,499
Bowman,ON,GRN,4028
Bowman,ON,LNP,6434
Bowman,ON,ALP,2160
Bowman,GRN,LNP,5790
Bowman,GRN,ALP,12631
Brisbane,LDP,AJP,133
Brisbane,LDP,UAPP,266
Brisbane,LDP,GRN,162
Brisbane,LDP,ALP,178
Brisbane,LDP,LNP,654
Brisbane,LDP,ON,414
Brisbane,AJP,UAPP,423
Brisbane,AJP,GRN,1100
Brisbane,AJP,ALP,314
Brisbane,AJP,LNP,235
Brisbane,AJP,ON,196
Brisbane,UAPP,GRN,581
Brisbane,UAPP,ALP,211
Brisbane,UAPP,LNP,528
Brisbane,UAPP,ON,1471
Brisbane,ON,GRN,1257
Brisbane,ON,ALP,577
Brisbane,ON,LNP,2676
Brisbane,ALP,GRN,25719
Brisbane,ALP,LNP,5213
Capricornia,IMO,ON,272
Capricornia,IMO,GRN,141
Capricornia,IMO,ALP,78
Capricornia,IMO,LDP,55
Capricornia,IMO,IND,195
Capricornia,IMO,UAPP,57
Capricornia,IMO,LNP,52
Capricornia,IMO,GAP,276
Capricornia,LDP,ON,302
Capricornia,LDP,GRN,85
Capricornia,LDP,ALP,158
Capricornia,LDP,IND,200
Capricornia,LDP,UAPP,197
Capricornia,LDP,LNP,424
Capricornia,LDP,GAP,81
Capricornia,GAP,ON,635
Capricornia,GAP,GRN,83
Capricornia,GAP,ALP,73
Capricornia,GAP,IND,425
Capricornia,GAP,UAPP,691
Capricornia,GAP,LNP,197
Capricornia,IND,ON,1156
Capricornia,IND,GRN,575
Capricornia,IND,ALP,704
Capricornia,IND,UAPP,844
Capricornia,IND,LNP,589
Capricornia,UAPP,ON,3445
Capricornia,UAPP,GRN,408
Capricornia,UAPP,ALP,531
Capricornia,UAPP,LNP,960
Capricornia,GRN,ON,1408
Capricornia,GRN,ALP,4204
Capricornia,GRN,LNP,982
Capricornia,ON,ALP,8118
Capricornia,ON,LNP,12279
Dawson,GAP,LNP,161
Dawson,GAP,ON,473
Dawson,GAP,ALP,216
Dawson,GAP,UAPP,463
Dawson,GAP,KAP,505
Dawson,GAP,GRN,130
Dawson,UAPP,LNP,512
Dawson,UAPP,ON,1799
Dawson,UAPP,ALP,363
Dawson,UAPP,KAP,1226
Dawson,UAPP,GRN,276
Dawson,KAP,LNP,1274
Dawson,KAP,ON,3953
Dawson,KAP,ALP,942
Dawson,KAP,GRN,751
Dawson,GRN,LNP,1248
Dawson,GRN,ON,1498
Dawson,GRN,ALP,5086
Dawson,ON,LNP,12626
Dawson,ON,ALP,7386
Dickson,LDP,IND,198
Dickson,LDP,LNP,424
Dickson,LDP,IND,75
Dickson,LDP,ON,237
Dickson,LDP,UAPP,126
Dickson,LDP,ALP,90
Dickson,LDP,GRN,86
Dickson,IND,IND,897
Dickson,IND,LNP,146
Dickson,IND,ON,155
Dickson,IND,UAPP,84
Dickson,IND,ALP,203
Dickson,IND,GRN,208
Dickson,UAPP,IND,540
Dickson,UAPP,LNP,363
Dickson,UAPP,ON,1449
Dickson,UAPP,ALP,297
Dickson,UAPP,GRN,278
Dickson,IND,LNP,927
Dickson,IND,ON,1436
Dickson,IND,ALP,551
Dickson,IND,GRN,943
Dickson,ON,LNP,4707
Dickson,ON,ALP,1726
Dickson,ON,GRN,2156
Dickson,GRN,LNP,2972
Dickson,GRN,ALP,13570
Fadden,LDP,IND,311
Fadden,LDP,ALP,284
Fadden,LDP,UAPP,429
Fadden,LDP,ON,450
Fadden,LDP,LNP,1112
Fadden,LDP,GRN,406
Fadden,IND,ALP,1489
Fadden,IND,UAPP,776
Fadden,IND,ON,864
Fadden,IND,LNP,543
Fadden,IND,GRN,1046
Fadden,UAPP,ALP,932
Fadden,UAPP,ON,5230
Fadden,UAPP,LNP,1237
Fadden,UAPP,GRN,820
Fadden,GRN,ALP,8853
Fadden,GRN,ON,2178
Fadden,GRN,LNP,2594
Fadden,ON,ALP,6449
Fadden,ON,LNP,11450
Fairfax,IND,LNP,40
Fairfax,IND,IMO,24
Fairfax,IND,AJP,45
Fairfax,IND,IND,348
Fairfax,IND,GRN,95
Fairfax,IND,UAPP,38
Fairfax,IND,ALP,57
Fairfax,IND,GAP,32
Fairfax,IND,ON,54
Fairfax,GAP,LNP,56
Fairfax,GAP,IMO,443
Fairfax,GAP,AJP,53
Fairfax,GAP,IND,104
Fairfax,GAP,GRN,54
Fairfax,GAP,UAPP,199
Fairfax,GAP,ALP,53
Fairfax,GAP,ON,389
Fairfax,IND,LNP,204
Fairfax,IND,IMO,359
Fairfax,IND,AJP,376
Fairfax,IND,GRN,289
Fairfax,IND,UAPP,180
Fairfax,IND,ALP,191
Fairfax,IND,ON,276
Fairfax,AJP,LNP,285
Fairfax,AJP,IMO,748
Fairfax,AJP,GRN,964
Fairfax,AJP,UAPP,172
Fairfax,AJP,ALP,261
Fairfax,AJP,ON,226
Fairfax,IMO,LNP,294
Fairfax,IMO,GRN,727
Fairfax,IMO,UAPP,967
Fairfax,IMO,ALP,173
Fairfax,IMO,ON,1410
Fairfax,UAPP,LNP,1013
Fairfax,UAPP,GRN,652
Fairfax,UAPP,ALP,502
Fairfax,UAPP,ON,5521
Fairfax,ON,LNP,7674
Fairfax,ON,GRN,4333
Fairfax,ON,ALP,2667
Fairfax,GRN,LNP,4991
Fairfax,GRN,ALP,15985
Fisher,AJP,ON,471
Fisher,AJP,ALP,311
Fisher,AJP,LNP,301
Fisher,AJP,GRN,1324
Fisher,AJP,UAPP,323
Fisher,UAPP,ON,5279
Fisher,UAPP,ALP,462
Fisher,UAPP,LNP,1000
Fisher,UAPP,GRN,937
Fisher,ON,ALP,3009
Fisher,ON,LNP,8240
Fisher,ON,GRN,4603
Fisher,GRN,ALP,15743
Fisher,GRN,LNP,6102
Flynn,GAP,ALP,153
Flynn,GAP,GRN,130
Flynn,GAP,ON,842
Flynn,GAP,IND,397
Flynn,GAP,UAPP,407
Flynn,GAP,LNP,83
Flynn,GRN,ALP,2420
Flynn,GRN,ON,436
Flynn,GRN,IND,809
Flynn,GRN,UAPP,202
Flynn,GRN,LNP,270
Flynn,IND,ALP,1283
Flynn,IND,ON,1592
Flynn,IND,UAPP,1346
Flynn,IND,LNP,730
Flynn,UAPP,ALP,963
Flynn,UAPP,ON,5857
Flynn,UAPP,LNP,1401
Flynn,ON,ALP,6862
Flynn,ON,LNP,13152
Forde,TNL,UAPP,63
Forde,TNL,LNP,77
Forde,TNL,GRN,170
Forde,TNL,ALP,104
Forde,TNL,ON,66
Forde,TNL,LDP,46
Forde,TNL,IND,154
Forde,TNL,AJP,48
Forde,AJP,UAPP,230
Forde,AJP,LNP,150
Forde,AJP,GRN,626
Forde,AJP,ALP,236
Forde,AJP,ON,287
Forde,AJP,LDP,101
Forde,AJP,IND,862
Forde,LDP,UAPP,712
Forde,LDP,LNP,765
Forde,LDP,GRN,174
Forde,LDP,ALP,274
Forde,LDP,ON,509
Forde,LDP,IND,381
Forde,IND,UAPP,711
Forde,IND,LNP,534
Forde,IND,GRN,1045
Forde,IND,ALP,728
Forde,IND,ON,1352
Forde,UAPP,LNP,2582
Forde,UAPP,GRN,1226
Forde,UAPP,ALP,791
Forde,UAPP,ON,4602
Forde,GRN,LNP,2490
Forde,GRN,ALP,7852
Forde,GRN,ON,2218
Forde,ON,LNP,9793
Forde,ON,ALP,6819
Griffith,UAPP,ON,1547
Griffith,UAPP,GRN,359
Griffith,UAPP,ALP,201
Griffith,UAPP,LNP,474
Griffith,ON,GRN,1538
Griffith,ON,ALP,618
Griffith,ON,LNP,2895
Griffith,ALP,GRN,25603
Griffith,ALP,LNP,5985
Groom,CYA,ON,680
Groom,CYA,GRN,159
Groom,CYA,UAPP,262
Groom,CYA,IND,133
Groom,CYA,IND,120
Groom,CYA,LNP,100
Groom,CYA,ALP,85
Groom,UAPP,ON,3116
Groom,UAPP,GRN,275
Groom,UAPP,IND,577
Groom,UAPP,IND,370
Groom,UAPP,LNP,574
Groom,UAPP,ALP,272
Groom,GRN,ON,682
Groom,GRN,IND,1218
Groom,GRN,IND,1364
Groom,GRN,LNP,408
Groom,GRN,ALP,2378
Groom,IND,ON,706
Groom,IND,IND,5660
Groom,IND,LNP,1174
Groom,IND,ALP,1246
Groom,ON,IND,8178
Groom,ON,LNP,4844
Groom,ON,ALP,1343
Groom,ALP,IND,17768
Groom,ALP,LNP,5541
Herbert,GAP,IMO,157
Herbert,GAP,ALP,51
Herbert,GAP,GRN,70
Herbert,GAP,LNP,79
Herbert,GAP,IND,85
Herbert,GAP,IND,49
Herbert,GAP,UAPP,79
Herbert,GAP,KAP,65
Herbert,GAP,AJP,17
Herbert,GAP,ON,97
Herbert,IND,IMO,87
Herbert,IND,ALP,61
Herbert,IND,GRN,28
Herbert,IND,LNP,106
Herbert,IND,IND,490
Herbert,IND,UAPP,44
Herbert,IND,KAP,79
Herbert,IND,AJP,33
Herbert,IND,ON,63
Herbert,AJP,IMO,193
Herbert,AJP,ALP,197
Herbert,AJP,GRN,333
Herbert,AJP,LNP,121
Herbert,AJP,IND,214
Herbert,AJP,UAPP,52
Herbert,AJP,KAP,116
Herbert,AJP,ON,183
Herbert,IMO,ALP,541
Herbert,IMO,GRN,272
Herbert,IMO,LNP,137
Herbert,IMO,IND,331
Herbert,IMO,UAPP,166
Herbert,IMO,KAP,355
Herbert,IMO,ON,293
Herbert,UAPP,ALP,193
Herbert,UAPP,GRN,112
Herbert,UAPP,LNP,504
Herbert,UAPP,IND,218
Herbert,UAPP,KAP,869
Herbert,UAPP,ON,828
Herbert,IND,ALP,754
Herbert,IND,GRN,1438
Herbert,IND,LNP,664
Herbert,IND,KAP,886
Herbert,IND,ON,579
Herbert,ON,ALP,548
Herbert,ON,GRN,575
Herbert,ON,LNP,1144
Herbert,ON,KAP,4650
Herbert,GRN,ALP,7335
Herbert,GRN,LNP,1464
Herbert,GRN,KAP,1625
Herbert,KAP,ALP,5686
Herbert,KAP,LNP,9431
Hinkler,GRN,LNP,424
Hinkler,GRN,UAPP,329
Hinkler,GRN,ON,349
Hinkler,GRN,ALP,2406
Hinkler,GRN,IND,2054
Hinkler,UAPP,LNP,1261
Hinkler,UAPP,ON,4570
Hinkler,UAPP,ALP,699
Hinkler,UAPP,IND,1216
Hinkler,ON,LNP,5330
Hinkler,ON,ALP,2012
Hinkler,ON,IND,6414
Hinkler,IND,LNP,11183
Hinkler,IND,ALP,11737
Kennedy,IND,KAP,976
Kennedy,IND,LNP,374
Kennedy,IND,GRN,666
Kennedy,IND,ALP,332
Kennedy,IND,UAPP,633
Kennedy,UAPP,KAP,3264
Kennedy,UAPP,LNP,635
Kennedy,UAPP,GRN,457
Kennedy,UAPP,ALP,431
Kennedy,GRN,KAP,1715
Kennedy,GRN,LNP,915
Kennedy,GRN,ALP,4506
Kennedy,ALP,KAP,14069
Kennedy,ALP,LNP,6233
Leichhardt,CYA,SAL,23
Leichhardt,CYA,IMO,67
Leichhardt,CYA,LNP,48
Leichhardt,CYA,KAP,42
Leichhardt,CYA,SOPA,18
Leichhardt,CYA,AJP,20
Leichhardt,CYA,GRN,24
Leichhardt,CYA,UAPP,57
Leichhardt,CYA,ON,103
Leichhardt,CYA,ALP,64
Leichhardt,SOPA,SAL,117
Leichhardt,SOPA,IMO,120
Leichhardt,SOPA,LNP,53
Leichhardt,SOPA,KAP,76
Leichhardt,SOPA,AJP,212
Leichhardt,SOPA,GRN,211
Leichhardt,SOPA,UAPP,29
Leichhardt,SOPA,ON,34
Leichhardt,SOPA,ALP,96
Leichhardt,AJP,SAL,122
Leichhardt,AJP,IMO,283
Leichhardt,AJP,LNP,112
Leichhardt,AJP,KAP,137
Leichhardt,AJP,GRN,493
Leichhardt,AJP,UAPP,72
Leichhardt,AJP,ON,126
Leichhardt,AJP,ALP,140
Leichhardt,IMO,SAL,398
Leichhardt,IMO,LNP,140
Leichhardt,IMO,KAP,355
Leichhardt,IMO,GRN,222
Leichhardt,IMO,UAPP,238
Leichhardt,IMO,ON,689
Leichhardt,IMO,ALP,69
Leichhardt,UAPP,SAL,213
Leichhardt,UAPP,LNP,622
Leichhardt,UAPP,KAP,695
Leichhardt,UAPP,GRN,277
Leichhardt,UAPP,ON,1908
Leichhardt,UAPP,ALP,274
Leichhardt,SAL,LNP,1257
Leichhardt,SAL,KAP,761
Leichhardt,SAL,GRN,1456
Leichhardt,SAL,ON,312
Leichhardt,SAL,ALP,816
Leichhardt,KAP,LNP,2094
Leichhardt,KAP,GRN,1011
Leichhardt,KAP,ON,2996
Leichhardt,KAP,ALP,1131
Leichhardt,GRN,LNP,1891
Leichhardt,GRN,ON,1877
Leichhardt,GRN,ALP,9069
Leichhardt,ON,LNP,9141
Leichhardt,ON,ALP,5726
Lilley,IMO,UAPP,370
Lilley,IMO,GRN,271
Lilley,IMO,LNP,132
Lilley,IMO,LDP,168
Lilley,IMO,ALP,132
Lilley,IMO,ON,305
Lilley,LDP,UAPP,412
Lilley,LDP,GRN,283
Lilley,LDP,LNP,922
Lilley,LDP,ALP,463
Lilley,LDP,ON,500
Lilley,UAPP,GRN,819
Lilley,UAPP,LNP,600
Lilley,UAPP,ALP,332
Lilley,UAPP,ON,2351
Lilley,ON,GRN,1712
Lilley,ON,LNP,4004
Lilley,ON,ALP,1467
Lilley,GRN,LNP,3878
Lilley,GRN,ALP,16123
Longman,LDP,ALP,208
Longman,LDP,UAPP,326
Longman,LDP,HMP,127
Longman,LDP,GRN,88
Longman,LDP,ON,447
Longman,LDP,AJP,169
Longman,LDP,LNP,646
Longman,AJP,ALP,263
Longman,AJP,UAPP,113
Longman,AJP,HMP,640
Longman,AJP,GRN,553
Longman,AJP,ON,325
Longman,AJP,LNP,335
Longman,UAPP,ALP,686
Longman,UAPP,HMP,1033
Longman,UAPP,GRN,374
Longman,UAPP,ON,3635
Longman,UAPP,LNP,660
Longman,HMP,ALP,1653
Longman,HMP,GRN,2677
Longman,HMP,ON,2490
Longman,HMP,LNP,1005
Longman,GRN,ALP,7326
Longman,GRN,ON,2450
Longman,GRN,LNP,1730
Longman,ON,ALP,6534
Longman,ON,LNP,11730
Maranoa,CYA,LNP,94
Maranoa,CYA,ASP,223
Maranoa,CYA,ALP,75
Maranoa,CYA,UAPP,136
Maranoa,CYA,GRN,105
Maranoa,CYA,ON,364
Maranoa,ASP,LNP,990
Maranoa,ASP,ALP,557
Maranoa,ASP,UAPP,679
Maranoa,ASP,GRN,328
Maranoa,ASP,ON,1364
Maranoa,GRN,LNP,747
Maranoa,GRN,ALP,3078
Maranoa,GRN,UAPP,448
Maranoa,GRN,ON,693
Maranoa,UAPP,LNP,1568
Maranoa,UAPP,ALP,816
Maranoa,UAPP,ON,5081
Maranoa,ON,LNP,11372
Maranoa,ON,ALP,7200
McPherson,CYA,LNP,54
McPherson,CYA,ON,140
McPherson,CYA,GRN,111
McPherson,CYA,AUVA,178
McPherson,CYA,UAPP,48
McPherson,CYA,LDP,37
McPherson,CYA,ALP,26
McPherson,LDP,LNP,683
McPherson,LDP,ON,316
McPherson,LDP,GRN,188
McPherson,LDP,AUVA,207
McPherson,LDP,UAPP,432
McPherson,LDP,ALP,274
McPherson,AUVA,LNP,387
McPherson,AUVA,ON,921
McPherson,AUVA,GRN,523
McPherson,AUVA,UAPP,610
McPherson,AUVA,ALP,254
McPherson,UAPP,LNP,1003
McPherson,UAPP,ON,5137
McPherson,UAPP,GRN,916
McPherson,UAPP,ALP,524
McPherson,ON,LNP,7500
McPherson,ON,GRN,3888
McPherson,ON,ALP,2139
McPherson,GRN,LNP,5690
McPherson,GRN,ALP,14907
Moncrieff,CYA,LNP,97
Moncrieff,CYA,ON,150
Moncrieff,CYA,AJP,97
Moncrieff,CYA,GRN,76
Moncrieff,CYA,ALP,49
Moncrieff,CYA,LDP,51
Moncrieff,CYA,IMO,80
Moncrieff,CYA,UAPP,45
Moncrieff,IMO,LNP,63
Moncrieff,IMO,ON,249
Moncrieff,IMO,AJP,240
Moncrieff,IMO,GRN,123
Moncrieff,IMO,ALP,63
Moncrieff,IMO,LDP,117
Moncrieff,IMO,UAPP,222
Moncrieff,AJP,LNP,300
Moncrieff,AJP,ON,422
Moncrieff,AJP,GRN,1247
Moncrieff,AJP,ALP,336
Moncrieff,AJP,LDP,132
Moncrieff,AJP,UAPP,284
Moncrieff,LDP,LNP,1426
Moncrieff,LDP,ON,847
Moncrieff,LDP,GRN,352
Moncrieff,LDP,ALP,412
Moncrieff,LDP,UAPP,1568
Moncrieff,UAPP,LNP,986
Moncrieff,UAPP,ON,5063
Moncrieff,UAPP,GRN,794
Moncrieff,UAPP,ALP,758
Moncrieff,ON,LNP,7380
Moncrieff,ON,GRN,3384
Moncrieff,ON,ALP,2948
Moncrieff,GRN,LNP,4724
Moncrieff,GRN,ALP,13102
Moreton,CYA,ON,614
Moreton,CYA,ALP,259
Moreton,CYA,GRN,201
Moreton,CYA,LNP,180
Moreton,CYA,UAPP,214
Moreton,UAPP,ON,1835
Moreton,UAPP,ALP,355
Moreton,UAPP,GRN,448
Moreton,UAPP,LNP,640
Moreton,ON,ALP,1314
Moreton,ON,GRN,1390
Moreton,ON,LNP,3109
Moreton,GRN,ALP,18129
Moreton,GRN,LNP,3160
Oxley,UAPP,GRN,1118
Oxley,UAPP,LNP,804
Oxley,UAPP,ON,2485
Oxley,UAPP,ALP,672
Oxley,ON,GRN,1989
Oxley,ON,LNP,4243
Oxley,ON,ALP,1821
Oxley,GRN,LNP,4212
Oxley,GRN,ALP,12490
Petrie,LDP,UAPP,421
Petrie,LDP,GRN,263
Petrie,LDP,ON,422
Petrie,LDP,ALP,296
Petrie,LDP,LNP,683
Petrie,LDP,AJP,104
Petrie,AJP,UAPP,331
Petrie,AJP,GRN,939
Petrie,AJP,ON,372
Petrie,AJP,ALP,393
Petrie,AJP,LNP,400
Petrie,ON,UAPP,3748
Petrie,ON,GRN,814
Petrie,ON,ALP,704
Petrie,ON,LNP,1141
Petrie,UAPP,GRN,3507
Petrie,UAPP,ALP,1702
Petrie,UAPP,LNP,5205
Petrie,GRN,ALP,13465
Petrie,GRN,LNP,4227
Rankin,AJP,LNP,266
Rankin,AJP,GRN,827
Rankin,AJP,UAPP,285
Rankin,AJP,ON,422
Rankin,AJP,ALP,484
Rankin,UAPP,LNP,753
Rankin,UAPP,GRN,800
Rankin,UAPP,ON,3167
Rankin,UAPP,ALP,629
Rankin,ON,LNP,5065
Rankin,ON,GRN,3290
Rankin,ON,ALP,2240
Rankin,GRN,LNP,4368
Rankin,GRN,ALP,9943
Ryan,CYA,UAPP,39
Ryan,CYA,LDP,52
Ryan,CYA,AUP,43
Ryan,CYA,ON,65
Ryan,CYA,AJP,44
Ryan,CYA,GRN,25
Ryan,CYA,ALP,28
Ryan,CYA,LNP,57
Ryan,AUP,UAPP,40
Ryan,AUP,LDP,67
Ryan,AUP,ON,32
Ryan,AUP,AJP,129
Ryan,AUP,GRN,255
Ryan,AUP,ALP,83
Ryan,AUP,LNP,43
Ryan,AJP,UAPP,111
Ryan,AJP,LDP,109
Ryan,AJP,ON,124
Ryan,AJP,GRN,621
Ryan,AJP,ALP,180
Ryan,AJP,LNP,116
Ryan,UAPP,LDP,656
Ryan,UAPP,ON,937
Ryan,UAPP,GRN,224
Ryan,UAPP,ALP,148
Ryan,UAPP,LNP,287
Ryan,ON,LDP,1787
Ryan,ON,GRN,537
Ryan,ON,ALP,263
Ryan,ON,LNP,808
Ryan,LDP,GRN,1372
Ryan,LDP,ALP,753
Ryan,LDP,LNP,3128
Ryan,ALP,GRN,19249
Ryan,ALP,LNP,4352
Wide Bay,CYA,IND,76
Wide Bay,CYA,ON,89
Wide Bay,CYA,UAPP,44
Wide Bay,CYA,GRN,33
Wide Bay,CYA,LNP,50
Wide Bay,CYA,IND,65
Wide Bay,CYA,ALP,32
Wide Bay,CYA,AUVA,54
Wide Bay,CYA,IMO,58
Wide Bay,AUVA,IND,123
Wide Bay,AUVA,ON,180
Wide Bay,AUVA,UAPP,62
Wide Bay,AUVA,GRN,90
Wide Bay,AUVA,LNP,161
Wide Bay,AUVA,IND,147
Wide Bay,AUVA,ALP,145
Wide Bay,AUVA,IMO,203
Wide Bay,IMO,IND,584
Wide Bay,IMO,ON,610
Wide Bay,IMO,UAPP,252
Wide Bay,IMO,GRN,166
Wide Bay,IMO,LNP,100
Wide Bay,IMO,IND,429
Wide Bay,IMO,ALP,217
Wide Bay,IND,IND,1700
Wide Bay,IND,ON,364
Wide Bay,IND,UAPP,215
Wide Bay,IND,GRN,333
Wide Bay,IND,LNP,326
Wide Bay,IND,ALP,440
Wide Bay,UAPP,IND,795
Wide Bay,UAPP,ON,3109
Wide Bay,UAPP,GRN,303
Wide Bay,UAPP,LNP,538
Wide Bay,UAPP,ALP,234
Wide Bay,IND,ON,4071
Wide Bay,IND,GRN,1650
Wide Bay,IND,LNP,813
Wide Bay,IND,ALP,850
Wide Bay,GRN,ON,1919
Wide Bay,GRN,LNP,1731
Wide Bay,GRN,ALP,8013
Wide Bay,ON,LNP,13388
Wide Bay,ON,ALP,6719
Wright,CYA,LNP,194
Wright,CYA,UAPP,357
Wright,CYA,ON,601
Wright,CYA,ALP,208
Wright,CYA,GRN,272
Wright,UAPP,LNP,1428
Wright,UAPP,ON,6258
Wright,UAPP,ALP,638
Wright,UAPP,GRN,736
Wright,GRN,LNP,1982
Wright,GRN,ON,2123
Wright,GRN,ALP,9010
Wright,ON,LNP,15149
Wright,ON,ALP,8928
Adelaide,CYA,LP,83
Adelaide,CYA,ALP,64
Adelaide,CYA,UAPP,215
Adelaide,CYA,SOPA,125
Adelaide,CYA,GRN,74
Adelaide,CYA,ON,309
Adelaide,SOPA,LP,150
Adelaide,SOPA,ALP,320
Adelaide,SOPA,UAPP,204
Adelaide,SOPA,GRN,943
Adelaide,SOPA,ON,139
Adelaide,UAPP,LP,569
Adelaide,UAPP,ALP,507
Adelaide,UAPP,GRN,527
Adelaide,UAPP,ON,1871
Adelaide,ON,LP,2653
Adelaide,ON,ALP,1142
Adelaide,ON,GRN,1900
Adelaide,GRN,LP,3413
Adelaide,GRN,ALP,22697
Barker,CYA,NP,71
Barker,CYA,ON,122
Barker,CYA,IND,61
Barker,CYA,IND,100
Barker,CYA,GRN,50
Barker,CYA,LP,67
Barker,CYA,UAPP,139
Barker,CYA,ALP,150
Barker,IND,NP,109
Barker,IND,ON,217
Barker,IND,IND,1274
Barker,IND,GRN,105
Barker,IND,LP,123
Barker,IND,UAPP,66
Barker,IND,ALP,80
Barker,NP,ON,986
Barker,NP,IND,254
Barker,NP,GRN,188
Barker,NP,LP,935
Barker,NP,UAPP,200
Barker,NP,ALP,148
Barker,UAPP,ON,1803
Barker,UAPP,IND,1238
Barker,UAPP,GRN,338
Barker,UAPP,LP,781
Barker,UAPP,ALP,467
Barker,IND,ON,3123
Barker,IND,GRN,1247
Barker,IND,LP,870
Barker,IND,ALP,816
Barker,GRN,ON,1819
Barker,GRN,LP,1897
Barker,GRN,ALP,6053
Barker,ON,LP,9480
Barker,ON,ALP,5548
Boothby,CYA,GRN,41
Boothby,CYA,UAPP,122
Boothby,CYA,LDP,108
Boothby,CYA,IND,58
Boothby,CYA,AJP,17
Boothby,CYA,LP,51
Boothby,CYA,IND,22
Boothby,CYA,ALP,20
Boothby,CYA,ON,104
Boothby,IND,GRN,94
Boothby,IND,UAPP,116
Boothby,IND,LDP,231
Boothby,IND,AJP,69
Boothby,IND,LP,85
Boothby,IND,IND,313
Boothby,IND,ALP,42
Boothby,IND,ON,156
Boothby,AJP,GRN,586
Boothby,AJP,UAPP,76
Boothby,AJP,LDP,52
Boothby,AJP,LP,148
Boothby,AJP,IND,245
Boothby,AJP,ALP,247
Boothby,AJP,ON,90
Boothby,LDP,GRN,198
Boothby,LDP,UAPP,312
Boothby,LDP,LP,533
Boothby,LDP,IND,135
Boothby,LDP,ALP,81
Boothby,LDP,ON,382
Boothby,ON,GRN,181
Boothby,ON,UAPP,1671
Boothby,ON,LP,417
Boothby,ON,IND,539
Boothby,ON,ALP,244
Boothby,UAPP,GRN,736
Boothby,UAPP,LP,1735
Boothby,UAPP,IND,1943
Boothby,UAPP,ALP,403
Boothby,IND,GRN,5448
Boothby,IND,LP,2173
Boothby,IND,ALP,3017
Boothby,GRN,LP,4790
Boothby,GRN,ALP,19779
Grey,CYA,GRN,57
Grey,CYA,UAPP,119
Grey,CYA,LDP,91
Grey,CYA,IND,75
Grey,CYA,ALP,52
Grey,CYA,ON,164
Grey,CYA,IND,95
Grey,CYA,LP,68
Grey,IND,GRN,148
Grey,IND,UAPP,74
Grey,IND,LDP,42
Grey,IND,IND,605
Grey,IND,ALP,143
Grey,IND,ON,183
Grey,IND,LP,232
Grey,LDP,GRN,185
Grey,LDP,UAPP,271
Grey,LDP,IND,179
Grey,LDP,ALP,185
Grey,LDP,ON,281
Grey,LDP,LP,459
Grey,UAPP,GRN,739
Grey,UAPP,IND,1032
Grey,UAPP,ALP,538
Grey,UAPP,ON,3115
Grey,UAPP,LP,821
Grey,GRN,IND,3495
Grey,GRN,ALP,3039
Grey,GRN,ON,651
Grey,GRN,LP,938
Grey,ON,IND,5575
Grey,ON,ALP,1790
Grey,ON,LP,3481
Grey,IND,ALP,13365
Grey,IND,LP,9209
Hindmarsh,CYA,GRN,67
Hindmarsh,CYA,LP,63
Hindmarsh,CYA,ON,106
Hindmarsh,CYA,ALP,67
Hindmarsh,CYA,UAPP,146
Hindmarsh,CYA,GAP,158
Hindmarsh,CYA,AJP,46
Hindmarsh,GAP,GRN,83
Hindmarsh,GAP,LP,83
Hindmarsh,GAP,ON,416
Hindmarsh,GAP,ALP,113
Hindmarsh,GAP,UAPP,439
Hindmarsh,GAP,AJP,208
Hindmarsh,AJP,GRN,1100
Hindmarsh,AJP,LP,248
Hindmarsh,AJP,ON,264
Hindmarsh,AJP,ALP,445
Hindmarsh,AJP,UAPP,537
Hindmarsh,UAPP,GRN,710
Hindmarsh,UAPP,LP,625
Hindmarsh,UAPP,ON,2840
Hindmarsh,UAPP,ALP,843
Hindmarsh,ON,GRN,2308
Hindmarsh,ON,LP,3718
Hindmarsh,ON,ALP,1941
Hindmarsh,GRN,LP,4491
Hindmarsh,GRN,ALP,15087
Kingston,CYA,IND,206
Kingston,CYA,ON,379
Kingston,CYA,UAPP,240
Kingston,CYA,ALP,67
Kingston,CYA,GRN,104
Kingston,CYA,LP,83
Kingston,IND,ON,1039
Kingston,IND,UAPP,538
Kingston,IND,ALP,572
Kingston,IND,GRN,629
Kingston,IND,LP,391
Kingston,UAPP,ON,3216
Kingston,UAPP,ALP,691
Kingston,UAPP,GRN,634
Kingston,UAPP,LP,558
Kingston,ON,ALP,2862
Kingston,ON,GRN,2688
Kingston,ON,LP,4397
Kingston,GRN,ALP,14562
Kingston,GRN,LP,3096
Makin,CYA,ALP,559
Makin,CYA,UAPP,441
Makin,CYA,ON,480
Makin,CYA,LP,266
Makin,CYA,GRN,161
Makin,UAPP,ALP,943
Makin,UAPP,ON,2892
Makin,UAPP,LP,638
Makin,UAPP,GRN,606
Makin,ON,ALP,2187
Makin,ON,LP,4151
Makin,ON,GRN,2131
Makin,GRN,ALP,11912
Makin,GRN,LP,3303
Mayo,CYA,ALP,33
Mayo,CYA,AJP,72
Mayo,CYA,LDP,236
Mayo,CYA,XEN,85
Mayo,CYA,GRN,37
Mayo,CYA,LP,81
Mayo,CYA,UAPP,276
Mayo,CYA,ON,510
Mayo,LDP,ALP,139
Mayo,LDP,AJP,114
Mayo,LDP,XEN,228
Mayo,LDP,GRN,114
Mayo,LDP,LP,449
Mayo,LDP,UAPP,262
Mayo,LDP,ON,354
Mayo,AJP,ALP,332
Mayo,AJP,XEN,457
Mayo,AJP,GRN,825
Mayo,AJP,LP,163
Mayo,AJP,UAPP,152
Mayo,AJP,ON,186
Mayo,UAPP,ALP,277
Mayo,UAPP,XEN,525
Mayo,UAPP,GRN,337
Mayo,UAPP,LP,475
Mayo,UAPP,ON,3165
Mayo,ON,ALP,738
Mayo,ON,XEN,3757
Mayo,ON,GRN,1027
Mayo,ON,LP,3468
Mayo,GRN,ALP,7350
Mayo,GRN,XEN,7246
Mayo,GRN,LP,1449
Mayo,ALP,XEN,23557
Mayo,ALP,LP,6363
Spence,CYA,UAPP,383
Spence,CYA,ALP,233
Spence,CYA,GRN,320
Spence,CYA,LP,193
Spence,CYA,ON,607
Spence,UAPP,ALP,2057
Spence,UAPP,GRN,1255
Spence,UAPP,LP,876
Spence,UAPP,ON,3353
Spence,GRN,ALP,9216
Spence,GRN,LP,1943
Spence,GRN,ON,2468
Spence,ON,ALP,8716
Spence,ON,LP,9244
Sturt,TNL,GRN,60
Sturt,TNL,ALP,48
Sturt,TNL,ON,24
Sturt,TNL,AUP,46
Sturt,TNL,UAPP,10
Sturt,TNL,CYA,9
Sturt,TNL,AJP,19
Sturt,TNL,LDP,7
Sturt,TNL,DPDA,15
Sturt,TNL,LP,13
Sturt,AUP,GRN,155
Sturt,AUP,ALP,65
Sturt,AUP,ON,41
Sturt,AUP,UAPP,56
Sturt,AUP,CYA,35
Sturt,AUP,AJP,67
Sturt,AUP,LDP,13
Sturt,AUP,DPDA,37
Sturt,AUP,LP,34
Sturt,CYA,GRN,38
Sturt,CYA,ALP,39
Sturt,CYA,ON,220
Sturt,CYA,UAPP,153
Sturt,CYA,AJP,51
Sturt,CYA,LDP,166
Sturt,CYA,DPDA,65
Sturt,CYA,LP,67
Sturt,DPDA,GRN,310
Sturt,DPDA,ALP,226
Sturt,DPDA,ON,67
Sturt,DPDA,UAPP,73
Sturt,DPDA,AJP,107
Sturt,DPDA,LDP,104
Sturt,DPDA,LP,237
Sturt,LDP,GRN,144
Sturt,LDP,ALP,115
Sturt,LDP,ON,291
Sturt,LDP,UAPP,243
Sturt,LDP,AJP,131
Sturt,LDP,LP,513
Sturt,AJP,GRN,847
Sturt,AJP,ALP,327
Sturt,AJP,ON,202
Sturt,AJP,UAPP,273
Sturt,AJP,LP,257
Sturt,ON,GRN,388
Sturt,ON,ALP,302
Sturt,ON,UAPP,2501
Sturt,ON,LP,547
Sturt,UAPP,GRN,1734
Sturt,UAPP,ALP,1337
Sturt,UAPP,LP,3246
Sturt,GRN,ALP,18810
Sturt,GRN,LP,3320
Bass,LDP,IND,50
Bass,LDP,JLN,62
Bass,LDP,GRN,15
Bass,LDP,LP,238
Bass,LDP,AJP,34
Bass,LDP,UAPP,125
Bass,LDP,ON,150
Bass,LDP,ALP,58
Bass,AJP,IND,157
Bass,AJP,JLN,137
Bass,AJP,GRN,267
Bass,AJP,LP,118
Bass,AJP,UAPP,70
Bass,AJP,ON,103
Bass,AJP,ALP,151
Bass,UAPP,IND,180
Bass,UAPP,JLN,205
Bass,UAPP,GRN,53
Bass,UAPP,LP,151
Bass,UAPP,ON,641
Bass,UAPP,ALP,105
Bass,IND,JLN,1125
Bass,IND,GRN,750
Bass,IND,LP,800
Bass,IND,ON,438
Bass,IND,ALP,724
Bass,ON,JLN,1988
Bass,ON,GRN,413
Bass,ON,LP,1212
Bass,ON,ALP,949
Bass,JLN,GRN,2478
Bass,JLN,LP,2845
Bass,JLN,ALP,2781
Bass,GRN,LP,2667
Bass,GRN,ALP,8923
Braddon,AJP,ON,33
Braddon,AJP,GRN,137
Braddon,AJP,LP,25
Braddon,AJP,TLOC,39
Braddon,AJP,ALP,55
Braddon,AJP,UAPP,18
Braddon,AJP,IND,107
Braddon,AJP,JLN,140
Braddon,AJP,LDP,12
Braddon,TLOC,ON,41
Braddon,TLOC,GRN,125
Braddon,TLOC,LP,102
Braddon,TLOC,ALP,156
Braddon,TLOC,UAPP,46
Braddon,TLOC,IND,184
Braddon,TLOC,JLN,86
Braddon,TLOC,LDP,18
Braddon,LDP,ON,196
Braddon,LDP,GRN,22
Braddon,LDP,LP,280
Braddon,LDP,ALP,42
Braddon,LDP,UAPP,144
Braddon,LDP,IND,93
Braddon,LDP,JLN,224
Braddon,UAPP,ON,488
Braddon,UAPP,GRN,44
Braddon,UAPP,LP,190
Braddon,UAPP,ALP,85
Braddon,UAPP,IND,218
Braddon,UAPP,JLN,183
Braddon,ON,GRN,546
Braddon,ON,LP,886
Braddon,ON,ALP,247
Braddon,ON,IND,1424
Braddon,ON,JLN,720
Braddon,GRN,LP,889
Braddon,GRN,ALP,2487
Braddon,GRN,IND,1320
Braddon,GRN,JLN,923
Braddon,IND,LP,1960
Braddon,IND,ALP,2607
Braddon,IND,JLN,4317
Braddon,JLN,LP,5494
Braddon,JLN,ALP,8065
Clark,LDP,ON,116
Clark,LDP,ALP,91
Clark,LDP,LP,277
Clark,LDP,GRN,33
Clark,LDP,IND,98
Clark,LDP,AJP,20
Clark,LDP,UAPP,104
Clark,AJP,ON,80
Clark,AJP,ALP,102
Clark,AJP,LP,52
Clark,AJP,GRN,229
Clark,AJP,IND,271
Clark,AJP,UAPP,114
Clark,UAPP,ON,490
Clark,UAPP,ALP,109
Clark,UAPP,LP,116
Clark,UAPP,GRN,111
Clark,UAPP,IND,333
Clark,ON,ALP,635
Clark,ON,LP,525
Clark,ON,GRN,209
Clark,ON,IND,1032
Clark,GRN,ALP,2977
Clark,GRN,LP,364
Clark,GRN,IND,6102
Clark,LP,ALP,2948
Clark,LP,IND,8827
Franklin,AJP,TLOC,169
Franklin,AJP,ALP,117
Franklin,AJP,LDP,23
Franklin,AJP,ON,39
Franklin,AJP,UAPP,53
Franklin,AJP,JLN,156
Franklin,AJP,LP,129
Franklin,AJP,GRN,411
Franklin,UAPP,TLOC,142
Franklin,UAPP,ALP,120
Franklin,UAPP,LDP,188
Franklin,UAPP,ON,515
Franklin,UAPP,JLN,223
Franklin,UAPP,LP,178
Franklin,UAPP,GRN,67
Franklin,LDP,TLOC,236
Franklin,LDP,ALP,232
Franklin,LDP,ON,369
Franklin,LDP,JLN,174
Franklin,LDP,LP,592
Franklin,LDP,GRN,42
Franklin,ON,TLOC,934
Franklin,ON,ALP,289
Franklin,ON,JLN,904
Franklin,ON,LP,682
Franklin,ON,GRN,147
Franklin,TLOC,ALP,1449
Franklin,TLOC,JLN,1448
Franklin,TLOC,LP,583
Franklin,TLOC,GRN,1536
Franklin,JLN,ALP,2659
Franklin,JLN,LP,2464
Franklin,JLN,GRN,1997
Franklin,GRN,ALP,14379
Franklin,GRN,LP,2191
Lyons,LDP,LP,534
Lyons,LDP,ALP,109
Lyons,LDP,AJP,69
Lyons,LDP,UAPP,173
Lyons,LDP,JLN,81
Lyons,LDP,ON,195
Lyons,LDP,GRN,27
Lyons,AJP,LP,162
Lyons,AJP,ALP,227
Lyons,AJP,UAPP,192
Lyons,AJP,JLN,293
Lyons,AJP,ON,133
Lyons,AJP,GRN,374
Lyons,UAPP,LP,325
Lyons,UAPP,ALP,281
Lyons,UAPP,JLN,639
Lyons,UAPP,ON,963
Lyons,UAPP,GRN,133
Lyons,ON,LP,1331
Lyons,ON,ALP,692
Lyons,ON,JLN,2630
Lyons,ON,GRN,565
Lyons,GRN,LP,804
Lyons,GRN,ALP,5434
Lyons,GRN,JLN,3243
Lyons,JLN,LP,5545
Lyons,JLN,ALP,9303
Aston,TNL,UAPP,91
Aston,TNL,LP,122
Aston,TNL,GVIC,366
Aston,TNL,ON,103
Aston,TNL,LDP,133
Aston,TNL,ALP,158
Aston,LDP,UAPP,674
Aston,LDP,LP,513
Aston,LDP,GVIC,198
Aston,LDP,ON,589
Aston,LDP,ALP,270
Aston,ON,UAPP,2429
Aston,ON,LP,503
Aston,ON,GVIC,407
Aston,ON,ALP,375
Aston,UAPP,LP,5305
Aston,UAPP,GVIC,2217
Aston,UAPP,ALP,1662
Aston,GVIC,LP,3137
Aston,GVIC,ALP,11906
Ballarat,CYA,GVIC,50
Ballarat,CYA,LP,49
Ballarat,CYA,IND,158
Ballarat,CYA,UAPP,113
Ballarat,CYA,ON,131
Ballarat,CYA,LDP,131
Ballarat,CYA,ALP,50
Ballarat,IND,GVIC,543
Ballarat,IND,LP,265
Ballarat,IND,UAPP,369
Ballarat,IND,ON,354
Ballarat,IND,LDP,291
Ballarat,IND,ALP,380
Ballarat,LDP,GVIC,229
Ballarat,LDP,LP,841
Ballarat,LDP,UAPP,1320
Ballarat,LDP,ON,755
Ballarat,LDP,ALP,493
Ballarat,ON,GVIC,348
Ballarat,ON,LP,654
Ballarat,ON,UAPP,2948
Ballarat,ON,ALP,766
Ballarat,UAPP,GVIC,1567
Ballarat,UAPP,LP,4406
Ballarat,UAPP,ALP,2470
Ballarat,GVIC,LP,3373
Ballarat,GVIC,ALP,13440
Bendigo,LDP,IND,272
Bendigo,LDP,ALP,174
Bendigo,LDP,LP,600
Bendigo,LDP,GVIC,146
Bendigo,LDP,ON,544
Bendigo,LDP,UAPP,1152
Bendigo,IND,ALP,1302
Bendigo,IND,LP,663
Bendigo,IND,GVIC,626
Bendigo,IND,ON,1407
Bendigo,IND,UAPP,593
Bendigo,UAPP,ALP,480
Bendigo,UAPP,LP,491
Bendigo,UAPP,GVIC,356
Bendigo,UAPP,ON,3997
Bendigo,ON,ALP,2778
Bendigo,ON,LP,6527
Bendigo,ON,GVIC,2151
Bendigo,GVIC,ALP,14351
Bendigo,GVIC,LP,2954
Bruce,ON,LDP,956
Bruce,ON,UAPP,2193
Bruce,ON,ALP,536
Bruce,ON,LP,477
Bruce,ON,GVIC,382
Bruce,LDP,UAPP,3313
Bruce,LDP,ALP,589
Bruce,LDP,LP,1564
Bruce,LDP,GVIC,311
Bruce,GVIC,UAPP,1427
Bruce,GVIC,ALP,6924
Bruce,GVIC,LP,1615
Bruce,UAPP,ALP,6355
Bruce,UAPP,LP,8877
Calwell,CYA,ON,336
Calwell,CYA,LP,128
Calwell,CYA,GVIC,136
Calwell,CYA,ALP,162
Calwell,CYA,UAPP,373
Calwell,CYA,VNS,377
Calwell,VNS,ON,323
Calwell,VNS,LP,292
Calwell,VNS,GVIC,1542
Calwell,VNS,ALP,821
Calwell,VNS,UAPP,832
Calwell,ON,LP,2022
Calwell,ON,GVIC,860
Calwell,ON,ALP,790
Calwell,ON,UAPP,2944
Calwell,GVIC,LP,1812
Calwell,GVIC,ALP,7124
Calwell,GVIC,UAPP,1879
Calwell,UAPP,LP,7598
Calwell,UAPP,ALP,6008
Casey,CYA,GVIC,15
Casey,CYA,IND,69
Casey,CYA,AJP,18
Casey,CYA,LP,61
Casey,CYA,ALP,27
Casey,CYA,ON,147
Casey,CYA,LDP,136
Casey,CYA,DHJP,19
Casey,CYA,UAPP,155
Casey,CYA,IND,39
Casey,DHJP,GVIC,91
Casey,DHJP,IND,109
Casey,DHJP,AJP,158
Casey,DHJP,LP,168
Casey,DHJP,ALP,145
Casey,DHJP,ON,206
Casey,DHJP,LDP,53
Casey,DHJP,UAPP,128
Casey,DHJP,IND,168
Casey,AJP,GVIC,701
Casey,AJP,IND,229
Casey,AJP,LP,197
Casey,AJP,ALP,318
Casey,AJP,ON,179
Casey,AJP,LDP,48
Casey,AJP,UAPP,102
Casey,AJP,IND,246
Casey,LDP,GVIC,99
Casey,LDP,IND,191
Casey,LDP,LP,470
Casey,LDP,ALP,114
Casey,LDP,ON,598
Casey,LDP,UAPP,641
Casey,LDP,IND,132
Casey,IND,GVIC,406
Casey,IND,LP,377
Casey,IND,ALP,263
Casey,IND,ON,779
Casey,IND,UAPP,1217
Casey,IND,IND,1011
Casey,ON,GVIC,281
Casey,ON,LP,680
Casey,ON,ALP,403
Casey,ON,UAPP,3145
Casey,ON,IND,660
Casey,UAPP,GVIC,596
Casey,UAPP,LP,4551
Casey,UAPP,ALP,678
Casey,UAPP,IND,4397
Casey,IND,GVIC,8014
Casey,IND,LP,3380
Casey,IND,ALP,3566
Casey,GVIC,LP,5052
Casey,GVIC,ALP,18045
Chisholm,CEC,LP,25
Chisholm,CEC,DHJP,22
Chisholm,CEC,CYA,19
Chisholm,CEC,ON,28
Chisholm,CEC,AJP,51
Chisholm,CEC,LDP,33
Chisholm,CEC,GVIC,49
Chisholm,CEC,UAPP,24
Chisholm,CEC,IND,26
Chisholm,CEC,IND,48
Chisholm,CEC,ALP,59
Chisholm,CYA,LP,74
Chisholm,CYA,DHJP,49
Chisholm,CYA,ON,72
Chisholm,CYA,AJP,38
Chisholm,CYA,LDP,107
Chisholm,CYA,GVIC,51
Chisholm,CYA,UAPP,40
Chisholm,CYA,IND,106
Chisholm,CYA,IND,13
Chisholm,CYA,ALP,36
Chisholm,IND,LP,98
Chisholm,IND,DHJP,30
Chisholm,IND,ON,12
Chisholm,IND,AJP,26
Chisholm,IND,LDP,18
Chisholm,IND,GVIC,122
Chisholm,IND,UAPP,27
Chisholm,IND,IND,332
Chisholm,IND,ALP,153
Chisholm,DHJP,LP,208
Chisholm,DHJP,ON,208
Chisholm,DHJP,AJP,133
Chisholm,DHJP,LDP,91
Chisholm,DHJP,GVIC,98
Chisholm,DHJP,UAPP,59
Chisholm,DHJP,IND,100
Chisholm,DHJP,ALP,150
Chisholm,AJP,LP,129
Chisholm,AJP,ON,123
Chisholm,AJP,LDP,97
Chisholm,AJP,GVIC,558
Chisholm,AJP,UAPP,68
Chisholm,AJP,IND,154
Chisholm,AJP,ALP,241
Chisholm,ON,LP,255
Chisholm,ON,LDP,509
Chisholm,ON,GVIC,169
Chisholm,ON,UAPP,590
Chisholm,ON,IND,196
Chisholm,ON,ALP,101
Chisholm,LDP,LP,547
Chisholm,LDP,GVIC,314
Chisholm,LDP,UAPP,998
Chisholm,LDP,IND,464
Chisholm,LDP,ALP,152
Chisholm,IND,LP,441
Chisholm,IND,GVIC,699
Chisholm,IND,UAPP,1276
Chisholm,IND,ALP,552
Chisholm,UAPP,LP,2845
Chisholm,UAPP,GVIC,1511
Chisholm,UAPP,ALP,1021
Chisholm,GVIC,LP,2410
Chisholm,GVIC,ALP,13291
Cooper,SOPA,AJP,252
Cooper,SOPA,VNS,289
Cooper,SOPA,GVIC,604
Cooper,SOPA,LP,104
Cooper,SOPA,UAPP,66
Cooper,SOPA,ON,41
Cooper,SOPA,ALP,229
Cooper,AJP,VNS,803
Cooper,AJP,GVIC,778
Cooper,AJP,LP,191
Cooper,AJP,UAPP,180
Cooper,AJP,ON,126
Cooper,AJP,ALP,381
Cooper,ON,VNS,225
Cooper,ON,GVIC,129
Cooper,ON,LP,311
Cooper,ON,UAPP,2017
Cooper,ON,ALP,292
Cooper,VNS,GVIC,3503
Cooper,VNS,LP,150
Cooper,VNS,UAPP,369
Cooper,VNS,ALP,545
Cooper,UAPP,GVIC,1731
Cooper,UAPP,LP,3351
Cooper,UAPP,ALP,1720
Cooper,LP,GVIC,6351
Cooper,LP,ALP,13085
Corangamite,CYA,GVIC,305
Corangamite,CYA,ALP,98
Corangamite,CYA,AJP,63
Corangamite,CYA,LP,58
Corangamite,CYA,LDP,106
Corangamite,CYA,ON,112
Corangamite,CYA,UAPP,80
Corangamite,CYA,DHJP,46
Corangamite,DHJP,GVIC,191
Corangamite,DHJP,ALP,210
Corangamite,DHJP,AJP,266
Corangamite,DHJP,LP,177
Corangamite,DHJP,LDP,77
Corangamite,DHJP,ON,285
Corangamite,DHJP,UAPP,261
Corangamite,AJP,GVIC,950
Corangamite,AJP,ALP,639
Corangamite,AJP,LP,180
Corangamite,AJP,LDP,156
Corangamite,AJP,ON,231
Corangamite,AJP,UAPP,159
Corangamite,LDP,GVIC,188
Corangamite,LDP,ALP,218
Corangamite,LDP,LP,589
Corangamite,LDP,ON,858
Corangamite,LDP,UAPP,1012
Corangamite,ON,GVIC,363
Corangamite,ON,ALP,437
Corangamite,ON,LP,497
Corangamite,ON,UAPP,2737
Corangamite,UAPP,GVIC,1872
Corangamite,UAPP,ALP,1503
Corangamite,UAPP,LP,4107
Corangamite,GVIC,ALP,16482
Corangamite,GVIC,LP,2736
Corio,CYA,SAL,206
Corio,CYA,LP,112
Corio,CYA,GVIC,141
Corio,CYA,ON,148
Corio,CYA,AJP,98
Corio,CYA,LDP,201
Corio,CYA,UAPP,93
Corio,CYA,ALP,81
Corio,AJP,SAL,345
Corio,AJP,LP,179
Corio,AJP,GVIC,899
Corio,AJP,ON,244
Corio,AJP,LDP,123
Corio,AJP,UAPP,231
Corio,AJP,ALP,427
Corio,SAL,LP,785
Corio,SAL,GVIC,1362
Corio,SAL,ON,208
Corio,SAL,LDP,121
Corio,SAL,UAPP,142
Corio,SAL,ALP,377
Corio,LDP,LP,903
Corio,LDP,GVIC,246
Corio,LDP,ON,851
Corio,LDP,UAPP,1487
Corio,LDP,ALP,341
Corio,ON,LP,727
Corio,ON,GVIC,608
Corio,ON,UAPP,3245
Corio,ON,ALP,659
Corio,UAPP,LP,5501
Corio,UAPP,GVIC,2244
Corio,UAPP,ALP,2234
Corio,GVIC,LP,3996
Corio,GVIC,ALP,15954
Deakin,CYA,ALP,83
Deakin,CYA,GVIC,54
Deakin,CYA,IND,44
Deakin,CYA,AJP,49
Deakin,CYA,LDP,229
Deakin,CYA,LP,115
Deakin,CYA,DHJP,59
Deakin,CYA,UAPP,133
Deakin,CYA,ON,143
Deakin,DHJP,ALP,148
Deakin,DHJP,GVIC,97
Deakin,DHJP,IND,116
Deakin,DHJP,AJP,176
Deakin,DHJP,LDP,86
Deakin,DHJP,LP,230
Deakin,DHJP,UAPP,113
Deakin,DHJP,ON,173
Deakin,IND,ALP,299
Deakin,IND,GVIC,353
Deakin,IND,AJP,248
Deakin,IND,LDP,99
Deakin,IND,LP,209
Deakin,IND,UAPP,114
Deakin,IND,ON,109
Deakin,AJP,ALP,427
Deakin,AJP,GVIC,925
Deakin,AJP,LDP,142
Deakin,AJP,LP,203
Deakin,AJP,UAPP,205
Deakin,AJP,ON,221
Deakin,LDP,ALP,228
Deakin,LDP,GVIC,221
Deakin,LDP,LP,633
Deakin,LDP,UAPP,529
Deakin,LDP,ON,788
Deakin,ON,ALP,257
Deakin,ON,GVIC,259
Deakin,ON,LP,451
Deakin,ON,UAPP,2773
Deakin,UAPP,ALP,872
Deakin,UAPP,GVIC,1578
Deakin,UAPP,LP,4253
Deakin,GVIC,ALP,14789
Deakin,GVIC,LP,2602
Dunkley,CYA,IND,129
Dunkley,CYA,ALP,37
Dunkley,CYA,LDP,70
Dunkley,CYA,AJP,56
Dunkley,CYA,GVIC,49
Dunkley,CYA,LP,55
Dunkley,CYA,ON,74
Dunkley,CYA,UAPP,96
Dunkley,AJP,IND,308
Dunkley,AJP,ALP,437
Dunkley,AJP,LDP,75
Dunkley,AJP,GVIC,798
Dunkley,AJP,LP,163
Dunkley,AJP,ON,175
Dunkley,AJP,UAPP,113
Dunkley,LDP,IND,326
Dunkley,LDP,ALP,248
Dunkley,LDP,GVIC,155
Dunkley,LDP,LP,614
Dunkley,LDP,ON,614
Dunkley,LDP,UAPP,586
Dunkley,ON,IND,657
Dunkley,ON,ALP,272
Dunkley,ON,GVIC,193
Dunkley,ON,LP,407
Dunkley,ON,UAPP,2023
Dunkley,IND,ALP,1284
Dunkley,IND,GVIC,843
Dunkley,IND,LP,499
Dunkley,IND,UAPP,2492
Dunkley,UAPP,ALP,1763
Dunkley,UAPP,GVIC,2397
Dunkley,UAPP,LP,5996
Dunkley,GVIC,ALP,11318
Dunkley,GVIC,LP,3015
Flinders,CYA,UAPP,72
Flinders,CYA,ON,110
Flinders,CYA,LDP,96
Flinders,CYA,LP,44
Flinders,CYA,GVIC,39
Flinders,CYA,IND,56
Flinders,CYA,ALP,28
Flinders,CYA,IND,30
Flinders,CYA,AJP,11
Flinders,AJP,UAPP,111
Flinders,AJP,ON,161
Flinders,AJP,LDP,26
Flinders,AJP,LP,159
Flinders,AJP,GVIC,595
Flinders,AJP,IND,218
Flinders,AJP,ALP,353
Flinders,AJP,IND,448
Flinders,LDP,UAPP,781
Flinders,LDP,ON,751
Flinders,LDP,LP,560
Flinders,LDP,GVIC,105
Flinders,LDP,IND,134
Flinders,LDP,ALP,70
Flinders,LDP,IND,87
Flinders,ON,UAPP,2781
Flinders,ON,LP,561
Flinders,ON,GVIC,190
Flinders,ON,IND,378
Flinders,ON,ALP,221
Flinders,ON,IND,264
Flinders,IND,UAPP,354
Flinders,IND,LP,425
Flinders,IND,GVIC,1321
Flinders,IND,ALP,1456
Flinders,IND,IND,2419
Flinders,UAPP,LP,4048
Flinders,UAPP,GVIC,766
Flinders,UAPP,ALP,772
Flinders,UAPP,IND,2985
Flinders,GVIC,LP,1251
Flinders,GVIC,ALP,5277
Flinders,GVIC,IND,5781
Flinders,IND,LP,6014
Flinders,IND,ALP,13163
Fraser,LDP,LP,670
Fraser,LDP,ALP,379
Fraser,LDP,GVIC,199
Fraser,LDP,UAPP,547
Fraser,LDP,ON,475
Fraser,LDP,VNS,79
Fraser,ON,LP,319
Fraser,ON,ALP,231
Fraser,ON,GVIC,193
Fraser,ON,UAPP,2082
Fraser,ON,VNS,345
Fraser,VNS,LP,322
Fraser,VNS,ALP,814
Fraser,VNS,GVIC,3020
Fraser,VNS,UAPP,697
Fraser,UAPP,LP,3691
Fraser,UAPP,ALP,1318
Fraser,UAPP,GVIC,2405
Fraser,GVIC,LP,3118
Fraser,GVIC,ALP,19777
Gellibrand,CYA,GVIC,142
Gellibrand,CYA,LP,185
Gellibrand,CYA,VNS,155
Gellibrand,CYA,UAPP,179
Gellibrand,CYA,LDP,232
Gellibrand,CYA,ON,137
Gellibrand,CYA,ALP,105
Gellibrand,VNS,GVIC,846
Gellibrand,VNS,LP,148
Gellibrand,VNS,UAPP,218
Gellibrand,VNS,LDP,99
Gellibrand,VNS,ON,87
Gellibrand,VNS,ALP,260
Gellibrand,LDP,GVIC,217
Gellibrand,LDP,LP,651
Gellibrand,LDP,UAPP,573
Gellibrand,LDP,ON,776
Gellibrand,LDP,ALP,299
Gellibrand,ON,GVIC,322
Gellibrand,ON,LP,450
Gellibrand,ON,UAPP,2504
Gellibrand,ON,ALP,526
Gellibrand,UAPP,GVIC,1947
Gellibrand,UAPP,LP,4790
Gellibrand,UAPP,ALP,1817
Gellibrand,GVIC,LP,4366
Gellibrand,GVIC,ALP,14349
Gippsland,LDP,ON,1098
Gippsland,LDP,NP,1667
Gippsland,LDP,UAPP,590
Gippsland,LDP,GVIC,336
Gippsland,LDP,ALP,595
Gippsland,UAPP,ON,3355
Gippsland,UAPP,NP,1141
Gippsland,UAPP,GVIC,284
Gippsland,UAPP,ALP,403
Gippsland,GVIC,ON,600
Gippsland,GVIC,NP,1856
Gippsland,GVIC,ALP,6709
Gippsland,ON,NP,11906
Gippsland,ON,ALP,2590
Goldstein,SPP,GVIC,108
Goldstein,SPP,DHJP,74
Goldstein,SPP,LDP,46
Goldstein,SPP,IND,82
Goldstein,SPP,ON,29
Goldstein,SPP,UAPP,24
Goldstein,SPP,LP,48
Goldstein,SPP,ALP,32
Goldstein,DHJP,GVIC,162
Goldstein,DHJP,LDP,71
Goldstein,DHJP,IND,132
Goldstein,DHJP,ON,83
Goldstein,DHJP,UAPP,37
Goldstein,DHJP,LP,115
Goldstein,DHJP,ALP,63
Goldstein,ON,GVIC,56
Goldstein,ON,LDP,436
Goldstein,ON,IND,160
Goldstein,ON,UAPP,524
Goldstein,ON,LP,134
Goldstein,ON,ALP,41
Goldstein,UAPP,GVIC,164
Goldstein,UAPP,LDP,1154
Goldstein,UAPP,IND,504
Goldstein,UAPP,LP,492
Goldstein,UAPP,ALP,111
Goldstein,LDP,GVIC,236
Goldstein,LDP,IND,1034
Goldstein,LDP,LP,2189
Goldstein,LDP,ALP,320
Goldstein,GVIC,IND,5334
Goldstein,GVIC,LP,707
Goldstein,GVIC,ALP,2368
Goldstein,ALP,IND,10800
Goldstein,ALP,LP,2934
Gorton,CYA,ON,177
Gorton,CYA,GVIC,42
Gorton,CYA,UAPP,112
Gorton,CYA,VNS,54
Gorton,CYA,ALP,126
Gorton,CYA,IND,186
Gorton,CYA,GAP,194
Gorton,CYA,LP,172
Gorton,GAP,ON,320
Gorton,GAP,GVIC,85
Gorton,GAP,UAPP,473
Gorton,GAP,VNS,66
Gorton,GAP,ALP,118
Gorton,GAP,IND,318
Gorton,GAP,LP,126
Gorton,VNS,ON,171
Gorton,VNS,GVIC,942
Gorton,VNS,UAPP,247
Gorton,VNS,ALP,464
Gorton,VNS,IND,222
Gorton,VNS,LP,138
Gorton,IND,ON,740
Gorton,IND,GVIC,565
Gorton,IND,UAPP,726
Gorton,IND,ALP,588
Gorton,IND,LP,448
Gorton,ON,GVIC,1970
Gorton,ON,UAPP,4372
Gorton,ON,ALP,879
Gorton,ON,LP,906
Gorton,GVIC,UAPP,3520
Gorton,GVIC,ALP,6987
Gorton,GVIC,LP,1422
Gorton,UAPP,ALP,8094
Gorton,UAPP,LP,8438
Hawke,CEC,CYA,27
Hawke,CEC,GAP,28
Hawke,CEC,ALP,43
Hawke,CEC,IND,49
Hawke,CEC,TNL,18
Hawke,CEC,LP,28
Hawke,CEC,GVIC,35
Hawke,CEC,ON,83
Hawke,CEC,VNS,80
Hawke,CEC,UAPP,43
Hawke,VNS,CYA,53
Hawke,VNS,GAP,28
Hawke,VNS,ALP,127
Hawke,VNS,IND,80
Hawke,VNS,TNL,65
Hawke,VNS,LP,31
Hawke,VNS,GVIC,399
Hawke,VNS,ON,72
Hawke,VNS,UAPP,114
Hawke,TNL,CYA,89
Hawke,TNL,GAP,85
Hawke,TNL,ALP,297
Hawke,TNL,IND,564
Hawke,TNL,LP,135
Hawke,TNL,GVIC,241
Hawke,TNL,ON,43
Hawke,TNL,UAPP,61
Hawke,GAP,CYA,750
Hawke,GAP,ALP,222
Hawke,GAP,IND,272
Hawke,GAP,LP,124
Hawke,GAP,GVIC,88
Hawke,GAP,ON,287
Hawke,GAP,UAPP,225
Hawke,CYA,ALP,1337
Hawke,CYA,IND,747
Hawke,CYA,LP,162
Hawke,CYA,GVIC,130
Hawke,CYA,ON,242
Hawke,CYA,UAPP,227
Hawke,ON,ALP,591
Hawke,ON,IND,1058
Hawke,ON,LP,620
Hawke,ON,GVIC,362
Hawke,ON,UAPP,2968
Hawke,GVIC,ALP,5818
Hawke,GVIC,IND,1652
Hawke,GVIC,LP,804
Hawke,GVIC,UAPP,766
Hawke,UAPP,ALP,1772
Hawke,UAPP,IND,5117
Hawke,UAPP,LP,3646
Hawke,IND,ALP,8014
Hawke,IND,LP,8433
Higgins,CYA,LDP,156
Higgins,CYA,UAPP,98
Higgins,CYA,AJP,44
Higgins,CYA,LP,52
Higgins,CYA,REAS,49
Higgins,CYA,ALP,55
Higgins,CYA,GVIC,61
Higgins,AJP,LDP,67
Higgins,AJP,UAPP,136
Higgins,AJP,LP,162
Higgins,AJP,REAS,182
Higgins,AJP,ALP,268
Higgins,AJP,GVIC,524
Higgins,REAS,LDP,130
Higgins,REAS,UAPP,103
Higgins,REAS,LP,155
Higgins,REAS,ALP,392
Higgins,REAS,GVIC,909
Higgins,UAPP,LDP,1167
Higgins,UAPP,LP,522
Higgins,UAPP,ALP,178
Higgins,UAPP,GVIC,387
Higgins,LDP,LP,2997
Higgins,LDP,ALP,590
Higgins,LDP,GVIC,581
Higgins,GVIC,LP,3038
Higgins,GVIC,ALP,21056
Holt,CYA,IND,114
Holt,CYA,ALP,85
Holt,CYA,UAPP,109
Holt,CYA,ON,196
Holt,CYA,LDP,108
Holt,CYA,GVIC,59
Holt,CYA,LP,59
Holt,LDP,IND,148
Holt,LDP,ALP,263
Holt,LDP,UAPP,618
Holt,LDP,ON,517
Holt,LDP,GVIC,235
Holt,LDP,LP,750
Holt,IND,ALP,1076
Holt,IND,UAPP,556
Holt,IND,ON,409
Holt,IND,GVIC,476
Holt,IND,LP,418
Holt,ON,ALP,728
Holt,ON,UAPP,3420
Holt,ON,GVIC,557
Holt,ON,LP,712
Holt,GVIC,ALP,5799
Holt,GVIC,UAPP,1576
Holt,GVIC,LP,1535
Holt,UAPP,ALP,6500
Holt,UAPP,LP,8371
Hotham,ON,LDP,728
Hotham,ON,ALP,248
Hotham,ON,GVIC,223
Hotham,ON,UAPP,1377
Hotham,ON,LP,350
Hotham,UAPP,LDP,3296
Hotham,UAPP,ALP,1241
Hotham,UAPP,GVIC,1391
Hotham,UAPP,LP,1318
Hotham,LDP,ALP,2906
Hotham,LDP,GVIC,1580
Hotham,LDP,LP,6129
Hotham,GVIC,ALP,12852
Hotham,GVIC,LP,2750
Indi,DHJP,AJP,152
Indi,DHJP,IND,251
Indi,DHJP,UAPP,118
Indi,DHJP,ON,272
Indi,DHJP,GVIC,54
Indi,DHJP,NP,58
Indi,DHJP,ALP,65
Indi,DHJP,LDP,22
Indi,DHJP,LP,82
Indi,AJP,IND,837
Indi,AJP,UAPP,183
Indi,AJP,ON,246
Indi,AJP,GVIC,316
Indi,AJP,NP,54
Indi,AJP,ALP,125
Indi,AJP,LDP,41
Indi,AJP,LP,99
Indi,LDP,IND,249
Indi,LDP,UAPP,470
Indi,LDP,ON,793
Indi,LDP,GVIC,45
Indi,LDP,NP,137
Indi,LDP,ALP,84
Indi,LDP,LP,585
Indi,UAPP,IND,480
Indi,UAPP,ON,2143
Indi,UAPP,GVIC,116
Indi,UAPP,NP,204
Indi,UAPP,ALP,123
Indi,UAPP,LP,263
Indi,GVIC,IND,2277
Indi,GVIC,ON,247
Indi,GVIC,NP,265
Indi,GVIC,ALP,1135
Indi,GVIC,LP,233
Indi,NP,IND,647
Indi,NP,ON,450
Indi,NP,ALP,337
Indi,NP,LP,3138
Indi,ON,IND,4794
Indi,ON,ALP,1198
Indi,ON,LP,3525
Indi,ALP,IND,9007
Indi,ALP,LP,2783
Isaacs,AJP,ON,179
Isaacs,AJP,ALP,357
Isaacs,AJP,LDP,131
Isaacs,AJP,LP,186
Isaacs,AJP,GVIC,1127
Isaacs,AJP,UAPP,279
Isaacs,ON,ALP,708
Isaacs,ON,LDP,776
Isaacs,ON,LP,353
Isaacs,ON,GVIC,204
Isaacs,ON,UAPP,1268
Isaacs,LDP,ALP,789
Isaacs,LDP,LP,1778
Isaacs,LDP,GVIC,445
Isaacs,LDP,UAPP,2680
Isaacs,UAPP,ALP,1589
Isaacs,UAPP,LP,5249
Isaacs,UAPP,GVIC,2244
Isaacs,GVIC,ALP,13147
Isaacs,GVIC,LP,3494
Jagajaga,CYA,ALP,129
Jagajaga,CYA,UAPP,132
Jagajaga,CYA,IND,124
Jagajaga,CYA,LDP,137
Jagajaga,CYA,GVIC,64
Jagajaga,CYA,ON,103
Jagajaga,CYA,LP,75
Jagajaga,ON,ALP,194
Jagajaga,ON,UAPP,1030
Jagajaga,ON,IND,234
Jagajaga,ON,LDP,468
Jagajaga,ON,GVIC,137
Jagajaga,ON,LP,314
Jagajaga,IND,ALP,945
Jagajaga,IND,UAPP,498
Jagajaga,IND,LDP,395
Jagajaga,IND,GVIC,1295
Jagajaga,IND,LP,375
Jagajaga,LDP,ALP,422
Jagajaga,LDP,UAPP,2630
Jagajaga,LDP,GVIC,382
Jagajaga,LDP,LP,1326
Jagajaga,UAPP,ALP,2270
Jagajaga,UAPP,GVIC,1549
Jagajaga,UAPP,LP,3964
Jagajaga,GVIC,ALP,17750
Jagajaga,GVIC,LP,2532
Kooyong,AUVA,IND,17
Kooyong,AUVA,UAPP,11
Kooyong,AUVA,LDP,15
Kooyong,AUVA,DHJP,7
Kooyong,AUVA,ON,15
Kooyong,AUVA,IND,9
Kooyong,AUVA,LP,28
Kooyong,AUVA,ALP,10
Kooyong,AUVA,AJP,11
Kooyong,AUVA,GVIC,29
Kooyong,DHJP,IND,35
Kooyong,DHJP,UAPP,11
Kooyong,DHJP,LDP,18
Kooyong,DHJP,ON,25
Kooyong,DHJP,IND,10
Kooyong,DHJP,LP,35
Kooyong,DHJP,ALP,20
Kooyong,DHJP,AJP,21
Kooyong,DHJP,GVIC,9
Kooyong,IND,IND,101
Kooyong,IND,UAPP,20
Kooyong,IND,LDP,22
Kooyong,IND,ON,23
Kooyong,IND,LP,56
Kooyong,IND,ALP,24
Kooyong,IND,AJP,19
Kooyong,IND,GVIC,19
Kooyong,AJP,IND,131
Kooyong,AJP,UAPP,21
Kooyong,AJP,LDP,31
Kooyong,AJP,ON,19
Kooyong,AJP,LP,49
Kooyong,AJP,ALP,52
Kooyong,AJP,GVIC,248
Kooyong,ON,IND,76
Kooyong,ON,UAPP,312
Kooyong,ON,LDP,271
Kooyong,ON,LP,111
Kooyong,ON,ALP,28
Kooyong,ON,GVIC,25
Kooyong,UAPP,IND,247
Kooyong,UAPP,LDP,709
Kooyong,UAPP,LP,297
Kooyong,UAPP,ALP,58
Kooyong,UAPP,GVIC,75
Kooyong,LDP,IND,549
Kooyong,LDP,LP,1258
Kooyong,LDP,ALP,226
Kooyong,LDP,GVIC,113
Kooyong,GVIC,IND,4725
Kooyong,GVIC,LP,561
Kooyong,GVIC,ALP,1693
Kooyong,ALP,IND,7092
Kooyong,ALP,LP,2110
La Trobe,CYA,LP,110
La Trobe,CYA,ON,175
La Trobe,CYA,GVIC,81
La Trobe,CYA,UAPP,118
La Trobe,CYA,ALP,89
La Trobe,CYA,LDP,166
La Trobe,CYA,AJP,151
La Trobe,LDP,LP,349
La Trobe,LDP,ON,613
La Trobe,LDP,GVIC,78
La Trobe,LDP,UAPP,737
La Trobe,LDP,ALP,127
La Trobe,LDP,AJP,173
La Trobe,AJP,LP,382
La Trobe,AJP,ON,389
La Trobe,AJP,GVIC,931
La Trobe,AJP,UAPP,466
La Trobe,AJP,ALP,606
La Trobe,ON,LP,1026
La Trobe,ON,GVIC,571
La Trobe,ON,UAPP,3648
La Trobe,ON,ALP,487
La Trobe,UAPP,LP,6422
La Trobe,UAPP,GVIC,2649
La Trobe,UAPP,ALP,2080
La Trobe,GVIC,LP,3728
La Trobe,GVIC,ALP,10562
Lalor,CYA,IND,95
Lalor,CYA,VNS,52
Lalor,CYA,UAPP,110
Lalor,CYA,ALP,143
Lalor,CYA,LDP,197
Lalor,CYA,ON,175
Lalor,CYA,GVIC,82
Lalor,CYA,LP,97
Lalor,VNS,IND,230
Lalor,VNS,UAPP,167
Lalor,VNS,ALP,327
Lalor,VNS,LDP,69
Lalor,VNS,ON,60
Lalor,VNS,GVIC,600
Lalor,VNS,LP,81
Lalor,IND,UAPP,991
Lalor,IND,ALP,676
Lalor,IND,LDP,253
Lalor,IND,ON,211
Lalor,IND,GVIC,440
Lalor,IND,LP,289
Lalor,LDP,UAPP,1205
Lalor,LDP,ALP,663
Lalor,LDP,ON,696
Lalor,LDP,GVIC,341
Lalor,LDP,LP,1017
Lalor,ON,UAPP,2595
Lalor,ON,ALP,701
Lalor,ON,GVIC,667
Lalor,ON,LP,668
Lalor,GVIC,UAPP,1580
Lalor,GVIC,ALP,7847
Lalor,GVIC,LP,1895
Lalor,UAPP,ALP,6209
Lalor,UAPP,LP,6779
Macnamara,ON,IND,188
Macnamara,ON,LP,142
Macnamara,ON,ALP,64
Macnamara,ON,LDP,302
Macnamara,ON,AJP,69
Macnamara,ON,GVIC,54
Macnamara,ON,UAPP,530
Macnamara,AJP,IND,197
Macnamara,AJP,LP,138
Macnamara,AJP,ALP,361
Macnamara,AJP,LDP,84
Macnamara,AJP,GVIC,882
Macnamara,AJP,UAPP,131
Macnamara,IND,LP,602
Macnamara,IND,ALP,432
Macnamara,IND,LDP,297
Macnamara,IND,GVIC,519
Macnamara,IND,UAPP,370
Macnamara,LDP,LP,691
Macnamara,LDP,ALP,232
Macnamara,LDP,GVIC,263
Macnamara,LDP,UAPP,1443
Macnamara,UAPP,LP,2778
Macnamara,UAPP,ALP,508
Macnamara,UAPP,GVIC,1250
Macnamara,GVIC,LP,3793
Macnamara,GVIC,ALP,26762
Mallee,CEC,NP,130
Mallee,CEC,IND,160
Mallee,CEC,IND,142
Mallee,CEC,ALP,116
Mallee,CEC,GVIC,65
Mallee,CEC,UAPP,113
Mallee,CEC,ON,96
Mallee,IND,NP,382
Mallee,IND,IND,1257
Mallee,IND,ALP,295
Mallee,IND,GVIC,146
Mallee,IND,UAPP,119
Mallee,IND,ON,139
Mallee,GVIC,NP,651
Mallee,GVIC,IND,1439
Mallee,GVIC,ALP,2964
Mallee,GVIC,UAPP,369
Mallee,GVIC,ON,251
Mallee,ON,NP,1737
Mallee,ON,IND,1509
Mallee,ON,ALP,715
Mallee,ON,UAPP,3426
Mallee,UAPP,NP,4396
Mallee,UAPP,IND,6691
Mallee,UAPP,ALP,2211
Mallee,IND,NP,13040
Mallee,IND,ALP,8272
Maribyrnong,CYA,GAP,142
Maribyrnong,CYA,VNS,33
Maribyrnong,CYA,ALP,71
Maribyrnong,CYA,ON,48
Maribyrnong,CYA,UAPP,45
Maribyrnong,CYA,LP,54
Maribyrnong,CYA,GVIC,85
Maribyrnong,CYA,LDP,112
Maribyrnong,VNS,GAP,145
Maribyrnong,VNS,ALP,308
Maribyrnong,VNS,ON,55
Maribyrnong,VNS,UAPP,51
Maribyrnong,VNS,LP,62
Maribyrnong,VNS,GVIC,1224
Maribyrnong,VNS,LDP,25
Maribyrnong,GAP,ALP,581
Maribyrnong,GAP,ON,482
Maribyrnong,GAP,UAPP,469
Maribyrnong,GAP,LP,122
Maribyrnong,GAP,GVIC,114
Maribyrnong,GAP,LDP,260
Maribyrnong,ON,ALP,357
Maribyrnong,ON,UAPP,1328
Maribyrnong,ON,LP,351
Maribyrnong,ON,GVIC,214
Maribyrnong,ON,LDP,562
Maribyrnong,LDP,ALP,352
Maribyrnong,LDP,UAPP,2596
Maribyrnong,LDP,LP,1147
Maribyrnong,LDP,GVIC,441
Maribyrnong,UAPP,ALP,1229
Maribyrnong,UAPP,LP,5229
Maribyrnong,UAPP,GVIC,1464
Maribyrnong,GVIC,ALP,15989
Maribyrnong,GVIC,LP,2831
McEwen,CYA,GVIC,206
McEwen,CYA,UAPP,271
McEwen,CYA,ON,623
McEwen,CYA,LDP,345
McEwen,CYA,LP,138
McEwen,CYA,ALP,138
McEwen,LDP,GVIC,199
McEwen,LDP,UAPP,726
McEwen,LDP,ON,895
McEwen,LDP,LP,887
McEwen,LDP,ALP,217
McEwen,UAPP,GVIC,884
McEwen,UAPP,ON,3573
McEwen,UAPP,LP,1411
McEwen,UAPP,ALP,603
McEwen,ON,GVIC,2647
McEwen,ON,LP,5909
McEwen,ON,ALP,1922
McEwen,GVIC,LP,4580
McEwen,GVIC,ALP,12880
Melbourne,ON,UAPP,335
Melbourne,ON,ALP,42
Melbourne,ON,GVIC,35
Melbourne,ON,LP,102
Melbourne,ON,LDP,241
Melbourne,ON,IND,73
Melbourne,ON,AJP,85
Melbourne,ON,VNS,24
Melbourne,IND,UAPP,144
Melbourne,IND,ALP,173
Melbourne,IND,GVIC,269
Melbourne,IND,LP,141
Melbourne,IND,LDP,189
Melbourne,IND,AJP,154
Melbourne,IND,VNS,97
Melbourne,AJP,UAPP,99
Melbourne,AJP,ALP,197
Melbourne,AJP,GVIC,691
Melbourne,AJP,LP,122
Melbourne,AJP,LDP,81
Melbourne,AJP,VNS,365
Melbourne,LDP,UAPP,985
Melbourne,LDP,ALP,165
Melbourne,LDP,GVIC,188
Melbourne,LDP,LP,659
Melbourne,LDP,VNS,110
Melbourne,UAPP,ALP,678
Melbourne,UAPP,GVIC,360
Melbourne,UAPP,LP,1387
Melbourne,UAPP,VNS,847
Melbourne,VNS,ALP,627
Melbourne,VNS,GVIC,3310
Melbourne,VNS,LP,662
Melbourne,LP,ALP,12419
Melbourne,LP,GVIC,5314
Menzies,CYA,ALP,173
Menzies,CYA,LDP,277
Menzies,CYA,ON,163
Menzies,CYA,LP,126
Menzies,CYA,GVIC,112
Menzies,CYA,UAPP,117
Menzies,ON,ALP,187
Menzies,ON,LDP,647
Menzies,ON,LP,315
Menzies,ON,GVIC,199
Menzies,ON,UAPP,1127
Menzies,LDP,ALP,557
Menzies,LDP,LP,1282
Menzies,LDP,GVIC,314
Menzies,LDP,UAPP,2417
Menzies,UAPP,ALP,1847
Menzies,UAPP,LP,3910
Menzies,UAPP,GVIC,1547
Menzies,GVIC,ALP,13422
Menzies,GVIC,LP,3039
Monash,CYA,GVIC,58
Monash,CYA,LP,68
Monash,CYA,IND,112
Monash,CYA,ON,199
Monash,CYA,ALP,55
Monash,CYA,LDP,124
Monash,CYA,UAPP,58
Monash,LDP,GVIC,105
Monash,LDP,LP,757
Monash,LDP,IND,342
Monash,LDP,ON,1083
Monash,LDP,ALP,209
Monash,LDP,UAPP,1176
Monash,UAPP,GVIC,252
Monash,UAPP,LP,905
Monash,UAPP,IND,577
Monash,UAPP,ON,2956
Monash,UAPP,ALP,535
Monash,GVIC,LP,1156
Monash,GVIC,IND,2906
Monash,GVIC,ON,458
Monash,GVIC,ALP,5428
Monash,ON,LP,4360
Monash,ON,IND,6102
Monash,ON,ALP,1523
Monash,IND,LP,7364
Monash,IND,ALP,13047
Nicholls,CYA,LDP,42
Nicholls,CYA,NP,19
Nicholls,CYA,ON,81
Nicholls,CYA,ALP,15
Nicholls,CYA,CEC,21
Nicholls,CYA,UAPP,27
Nicholls,CYA,GVIC,18
Nicholls,CYA,SOPA,33
Nicholls,CYA,LP,34
Nicholls,CYA,IND,77
Nicholls,CEC,LDP,43
Nicholls,CEC,NP,38
Nicholls,CEC,ON,85
Nicholls,CEC,ALP,58
Nicholls,CEC,UAPP,52
Nicholls,CEC,GVIC,27
Nicholls,CEC,SOPA,33
Nicholls,CEC,LP,15
Nicholls,CEC,IND,47
Nicholls,SOPA,LDP,35
Nicholls,SOPA,NP,40
Nicholls,SOPA,ON,66
Nicholls,SOPA,ALP,81
Nicholls,SOPA,UAPP,46
Nicholls,SOPA,GVIC,210
Nicholls,SOPA,LP,45
Nicholls,SOPA,IND,196
Nicholls,GVIC,LDP,95
Nicholls,GVIC,NP,181
Nicholls,GVIC,ON,156
Nicholls,GVIC,ALP,1261
Nicholls,GVIC,UAPP,178
Nicholls,GVIC,LP,205
Nicholls,GVIC,IND,1237
Nicholls,LDP,NP,1324
Nicholls,LDP,ON,822
Nicholls,LDP,ALP,259
Nicholls,LDP,UAPP,269
Nicholls,LDP,LP,637
Nicholls,LDP,IND,270
Nicholls,UAPP,NP,629
Nicholls,UAPP,ON,2317
Nicholls,UAPP,ALP,453
Nicholls,UAPP,LP,386
Nicholls,UAPP,IND,608
Nicholls,ON,NP,3755
Nicholls,ON,ALP,924
Nicholls,ON,LP,1563
Nicholls,ON,IND,3504
Nicholls,ALP,NP,3313
Nicholls,ALP,LP,1798
Nicholls,ALP,IND,8910
Nicholls,LP,NP,17036
Nicholls,LP,IND,4834
Scullin,VNS,GVIC,1213
Scullin,VNS,ON,151
Scullin,VNS,LDP,98
Scullin,VNS,ALP,423
Scullin,VNS,UAPP,279
Scullin,VNS,LP,305
Scullin,LDP,GVIC,289
Scullin,LDP,ON,1019
Scullin,LDP,ALP,545
Scullin,LDP,UAPP,678
Scullin,LDP,LP,989
Scullin,ON,GVIC,1005
Scullin,ON,ALP,954
Scullin,ON,UAPP,4345
Scullin,ON,LP,773
Scullin,GVIC,ALP,9198
Scullin,GVIC,UAPP,1994
Scullin,GVIC,LP,1268
Scullin,UAPP,ALP,6494
Scullin,UAPP,LP,8246
Wannon,LDP,IND,168
Wannon,LDP,LP,432
Wannon,LDP,ON,378
Wannon,LDP,GVIC,71
Wannon,LDP,IND,195
Wannon,LDP,UAPP,546
Wannon,LDP,ALP,183
Wannon,IND,LP,638
Wannon,IND,ON,454
Wannon,IND,GVIC,150
Wannon,IND,IND,736
Wannon,IND,UAPP,382
Wannon,IND,ALP,154
Wannon,ON,LP,818
Wannon,ON,GVIC,243
Wannon,ON,IND,923
Wannon,ON,UAPP,1838
Wannon,ON,ALP,285
Wannon,UAPP,LP,2486
Wannon,UAPP,GVIC,330
Wannon,UAPP,IND,2448
Wannon,UAPP,ALP,810
Wannon,GVIC,LP,773
Wannon,GVIC,IND,4073
Wannon,GVIC,ALP,2392
Wannon,ALP,LP,4422
Wannon,ALP,IND,18705
Wills,CYA,LP,102
Wills,CYA,ON,253
Wills,CYA,VNS,82
Wills,CYA,SAL,72
Wills,CYA,UAPP,137
Wills,CYA,ALP,69
Wills,CYA,AJP,47
Wills,CYA,GVIC,27
Wills,AJP,LP,122
Wills,AJP,ON,108
Wills,AJP,VNS,151
Wills,AJP,SAL,165
Wills,AJP,UAPP,117
Wills,AJP,ALP,329
Wills,AJP,GVIC,735
Wills,ON,LP,418
Wills,ON,VNS,212
Wills,ON,SAL,150
Wills,ON,UAPP,1810
Wills,ON,ALP,208
Wills,ON,GVIC,117
Wills,VNS,LP,170
Wills,VNS,SAL,1705
Wills,VNS,UAPP,126
Wills,VNS,ALP,266
Wills,VNS,GVIC,892
Wills,SAL,LP,248
Wills,SAL,UAPP,517
Wills,SAL,ALP,938
Wills,SAL,GVIC,3485
Wills,UAPP,LP,3007
Wills,UAPP,ALP,1607
Wills,UAPP,GVIC,1445
Wills,LP,ALP,14549
Wills,LP,GVIC,5289
Brand,CYA,ALP,92
Brand,CYA,LP,69
Brand,CYA,UAPP,73
Brand,CYA,GRN,41
Brand,CYA,AUC,42
Brand,CYA,WAP,64
Brand,CYA,LDP,35
Brand,CYA,GAP,129
Brand,CYA,ON,53
Brand,LDP,ALP,146
Brand,LDP,LP,268
Brand,LDP,UAPP,125
Brand,LDP,GRN,75
Brand,LDP,AUC,49
Brand,LDP,WAP,116
Brand,LDP,GAP,114
Brand,LDP,ON,216
Brand,GAP,ALP,85
Brand,GAP,LP,36
Brand,GAP,UAPP,368
Brand,GAP,GRN,69
Brand,GAP,AUC,146
Brand,GAP,WAP,297
Brand,GAP,ON,732
Brand,AUC,ALP,252
Brand,AUC,LP,667
Brand,AUC,UAPP,547
Brand,AUC,GRN,168
Brand,AUC,WAP,242
Brand,AUC,ON,451
Brand,WAP,ALP,856
Brand,WAP,LP,522
Brand,WAP,UAPP,401
Brand,WAP,GRN,690
Brand,WAP,ON,842
Brand,UAPP,ALP,459
Brand,UAPP,LP,836
Brand,UAPP,GRN,451
Brand,UAPP,ON,2479
Brand,ON,ALP,2201
Brand,ON,LP,3742
Brand,ON,GRN,3969
Brand,GRN,ALP,11707
Brand,GRN,LP,4656
Burt,CYA,ON,817
Burt,CYA,UAPP,255
Burt,CYA,GRN,125
Burt,CYA,WAP,190
Burt,CYA,LP,72
Burt,CYA,AUC,150
Burt,CYA,ALP,132
Burt,UAPP,ON,1254
Burt,UAPP,GRN,274
Burt,UAPP,WAP,356
Burt,UAPP,LP,219
Burt,UAPP,AUC,268
Burt,UAPP,ALP,158
Burt,WAP,ON,724
Burt,WAP,GRN,651
Burt,WAP,LP,524
Burt,WAP,AUC,337
Burt,WAP,ALP,700
Burt,AUC,ON,1109
Burt,AUC,GRN,314
Burt,AUC,LP,2119
Burt,AUC,ALP,641
Burt,ON,GRN,3542
Burt,ON,LP,3229
Burt,ON,ALP,1569
Burt,GRN,LP,4674
Burt,GRN,ALP,9236
Canning,CYA,LP,25
Canning,CYA,ALP,26
Canning,CYA,ON,100
Canning,CYA,UAPP,66
Canning,CYA,WAP,67
Canning,CYA,IMO,222
Canning,CYA,GRN,25
Canning,CYA,IND,46
Canning,CYA,AUC,19
Canning,CYA,LDP,32
Canning,LDP,LP,173
Canning,LDP,ALP,38
Canning,LDP,ON,125
Canning,LDP,UAPP,98
Canning,LDP,WAP,69
Canning,LDP,IMO,54
Canning,LDP,GRN,43
Canning,LDP,IND,69
Canning,LDP,AUC,112
Canning,IMO,LP,41
Canning,IMO,ALP,58
Canning,IMO,ON,218
Canning,IMO,UAPP,149
Canning,IMO,WAP,142
Canning,IMO,GRN,96
Canning,IMO,IND,248
Canning,IMO,AUC,109
Canning,AUC,LP,1148
Canning,AUC,ALP,75
Canning,AUC,ON,246
Canning,AUC,UAPP,94
Canning,AUC,WAP,92
Canning,AUC,GRN,61
Canning,AUC,IND,213
Canning,IND,LP,176
Canning,IND,ALP,161
Canning,IND,ON,433
Canning,IND,UAPP,582
Canning,IND,WAP,512
Canning,IND,GRN,420
Canning,WAP,LP,607
Canning,WAP,ALP,617
Canning,WAP,ON,722
Canning,WAP,UAPP,546
Canning,WAP,GRN,592
Canning,UAPP,LP,396
Canning,UAPP,ALP,228
Canning,UAPP,ON,2898
Canning,UAPP,GRN,451
Canning,ON,LP,3577
Canning,ON,ALP,1689
Canning,ON,GRN,3691
Canning,GRN,LP,3076
Canning,GRN,ALP,9962
Cowan,LDP,ALP,175
Cowan,LDP,GRN,63
Cowan,LDP,AUC,40
Cowan,LDP,CYA,69
Cowan,LDP,ON,180
Cowan,LDP,WAP,150
Cowan,LDP,UAPP,107
Cowan,LDP,LP,260
Cowan,LDP,AJP,36
Cowan,CYA,ALP,89
Cowan,CYA,GRN,62
Cowan,CYA,AUC,230
Cowan,CYA,ON,323
Cowan,CYA,WAP,147
Cowan,CYA,UAPP,193
Cowan,CYA,LP,72
Cowan,CYA,AJP,78
Cowan,AJP,ALP,308
Cowan,AJP,GRN,597
Cowan,AJP,AUC,97
Cowan,AJP,ON,144
Cowan,AJP,WAP,355
Cowan,AJP,UAPP,133
Cowan,AJP,LP,255
Cowan,AUC,ALP,286
Cowan,AUC,GRN,243
Cowan,AUC,ON,446
Cowan,AUC,WAP,199
Cowan,AUC,UAPP,208
Cowan,AUC,LP,844
Cowan,WAP,ALP,582
Cowan,WAP,GRN,514
Cowan,WAP,ON,495
Cowan,WAP,UAPP,473
Cowan,WAP,LP,501
Cowan,UAPP,ALP,324
Cowan,UAPP,GRN,466
Cowan,UAPP,ON,2102
Cowan,UAPP,LP,645
Cowan,ON,ALP,1014
Cowan,ON,GRN,2487
Cowan,ON,LP,3028
Cowan,GRN,ALP,11135
Cowan,GRN,LP,3126
Curtin,CYA,UAPP,197
Curtin,CYA,WAP,113
Curtin,CYA,LP,52
Curtin,CYA,ON,294
Curtin,CYA,IND,68
Curtin,CYA,ALP,13
Curtin,CYA,GRN,26
Curtin,WAP,UAPP,199
Curtin,WAP,LP,390
Curtin,WAP,ON,134
Curtin,WAP,IND,320
Curtin,WAP,ALP,186
Curtin,WAP,GRN,127
Curtin,ON,UAPP,1093
Curtin,ON,LP,232
Curtin,ON,IND,249
Curtin,ON,ALP,83
Curtin,ON,GRN,81
Curtin,UAPP,LP,1509
Curtin,UAPP,IND,1335
Curtin,UAPP,ALP,211
Curtin,UAPP,GRN,262
Curtin,GRN,LP,870
Curtin,GRN,IND,5978
Curtin,GRN,ALP,4537
Curtin,ALP,LP,4729
Curtin,ALP,IND,14955
Durack,CYA,LP,567
Durack,CYA,GAP,419
Durack,CYA,WAP,126
Durack,CYA,ALP,69
Durack,CYA,ON,92
Durack,CYA,NP,54
Durack,CYA,GRN,36
Durack,CYA,UAPP,90
Durack,UAPP,LP,223
Durack,UAPP,GAP,294
Durack,UAPP,WAP,194
Durack,UAPP,ALP,121
Durack,UAPP,ON,994
Durack,UAPP,NP,206
Durack,UAPP,GRN,287
Durack,WAP,LP,449
Durack,WAP,GAP,694
Durack,WAP,ALP,541
Durack,WAP,ON,450
Durack,WAP,NP,329
Durack,WAP,GRN,340
Durack,GAP,LP,449
Durack,GAP,ALP,425
Durack,GAP,ON,2531
Durack,GAP,NP,388
Durack,GAP,GRN,352
Durack,GRN,LP,1144
Durack,GRN,ALP,5656
Durack,GRN,ON,842
Durack,GRN,NP,1830
Durack,ON,LP,2459
Durack,ON,ALP,1618
Durack,ON,NP,7006
Durack,NP,LP,12556
Durack,NP,ALP,6417
Forrest,CYA,UAPP,129
Forrest,CYA,LDP,75
Forrest,CYA,GRN,135
Forrest,CYA,WAP,131
Forrest,CYA,GAP,447
Forrest,CYA,ALP,41
Forrest,CYA,ON,140
Forrest,CYA,LP,54
Forrest,LDP,UAPP,336
Forrest,LDP,GRN,203
Forrest,LDP,WAP,188
Forrest,LDP,GAP,119
Forrest,LDP,ALP,137
Forrest,LDP,ON,212
Forrest,LDP,LP,457
Forrest,WAP,UAPP,281
Forrest,WAP,GRN,439
Forrest,WAP,GAP,618
Forrest,WAP,ALP,424
Forrest,WAP,ON,293
Forrest,WAP,LP,394
Forrest,UAPP,GRN,871
Forrest,UAPP,GAP,692
Forrest,UAPP,ALP,177
Forrest,UAPP,ON,1127
Forrest,UAPP,LP,305
Forrest,GAP,GRN,671
Forrest,GAP,ALP,454
Forrest,GAP,ON,3314
Forrest,GAP,LP,344
Forrest,ON,GRN,3251
Forrest,ON,ALP,1870
Forrest,ON,LP,4985
Forrest,GRN,ALP,14270
Forrest,GRN,LP,4080
Fremantle,SAL,GAP,87
Fremantle,SAL,CYA,58
Fremantle,SAL,ALP,222
Fremantle,SAL,UAPP,17
Fremantle,SAL,LP,17
Fremantle,SAL,GRN,707
Fremantle,SAL,LDP,12
Fremantle,SAL,WAP,46
Fremantle,SAL,ON,18
Fremantle,LDP,GAP,64
Fremantle,LDP,CYA,85
Fremantle,LDP,ALP,164
Fremantle,LDP,UAPP,147
Fremantle,LDP,LP,324
Fremantle,LDP,GRN,143
Fremantle,LDP,WAP,171
Fremantle,LDP,ON,165
Fremantle,CYA,GAP,665
Fremantle,CYA,ALP,156
Fremantle,CYA,UAPP,140
Fremantle,CYA,LP,96
Fremantle,CYA,GRN,160
Fremantle,CYA,WAP,129
Fremantle,CYA,ON,164
Fremantle,UAPP,GAP,313
Fremantle,UAPP,ALP,186
Fremantle,UAPP,LP,250
Fremantle,UAPP,GRN,168
Fremantle,UAPP,WAP,204
Fremantle,UAPP,ON,1183
Fremantle,WAP,GAP,607
Fremantle,WAP,ALP,610
Fremantle,WAP,LP,465
Fremantle,WAP,GRN,566
Fremantle,WAP,ON,550
Fremantle,GAP,ALP,1076
Fremantle,GAP,LP,549
Fremantle,GAP,GRN,560
Fremantle,GAP,ON,1844
Fremantle,ON,ALP,1316
Fremantle,ON,LP,3213
Fremantle,ON,GRN,2455
Fremantle,GRN,ALP,18744
Fremantle,GRN,LP,3805
Hasluck,LDP,IND,93
Hasluck,LDP,GRN,53
Hasluck,LDP,UAPP,175
Hasluck,LDP,WAP,95
Hasluck,LDP,ON,200
Hasluck,LDP,LP,315
Hasluck,LDP,CYA,124
Hasluck,LDP,ALP,225
Hasluck,CYA,IND,209
Hasluck,CYA,GRN,200
Hasluck,CYA,UAPP,309
Hasluck,CYA,WAP,219
Hasluck,CYA,ON,517
Hasluck,CYA,LP,166
Hasluck,CYA,ALP,243
Hasluck,WAP,IND,633
Hasluck,WAP,GRN,409
Hasluck,WAP,UAPP,318
Hasluck,WAP,ON,425
Hasluck,WAP,LP,523
Hasluck,WAP,ALP,567
Hasluck,UAPP,IND,519
Hasluck,UAPP,GRN,401
Hasluck,UAPP,ON,2231
Hasluck,UAPP,LP,395
Hasluck,UAPP,ALP,229
Hasluck,IND,GRN,2303
Hasluck,IND,ON,1137
Hasluck,IND,LP,540
Hasluck,IND,ALP,792
Hasluck,ON,GRN,3115
Hasluck,ON,LP,3662
Hasluck,ON,ALP,1516
Hasluck,GRN,LP,4857
Hasluck,GRN,ALP,12450
Moore,CYA,GAP,257
Moore,CYA,WAP,96
Moore,CYA,ALP,19
Moore,CYA,GRN,40
Moore,CYA,LP,66
Moore,CYA,ON,144
Moore,CYA,UAPP,170
Moore,GAP,WAP,808
Moore,GAP,ALP,135
Moore,GAP,GRN,108
Moore,GAP,LP,112
Moore,GAP,ON,600
Moore,GAP,UAPP,420
Moore,UAPP,WAP,456
Moore,UAPP,ALP,114
Moore,UAPP,GRN,192
Moore,UAPP,LP,295
Moore,UAPP,ON,1875
Moore,WAP,ALP,1412
Moore,WAP,GRN,961
Moore,WAP,LP,1029
Moore,WAP,ON,1053
Moore,ON,ALP,1137
Moore,ON,GRN,2332
Moore,ON,LP,3744
Moore,GRN,ALP,14529
Moore,GRN,LP,4006
O'Connor,CYA,ON,166
O'Connor,CYA,ALP,78
O'Connor,CYA,GRN,134
O'Connor,CYA,WAP,163
O'Connor,CYA,AUC,101
O'Connor,CYA,UAPP,97
O'Connor,CYA,GAP,542
O'Connor,CYA,LP,67
O'Connor,UAPP,ON,782
O'Connor,UAPP,ALP,104
O'Connor,UAPP,GRN,85
O'Connor,UAPP,WAP,139
O'Connor,UAPP,AUC,123
O'Connor,UAPP,GAP,381
O'Connor,UAPP,LP,205
O'Connor,WAP,ON,448
O'Connor,WAP,ALP,417
O'Connor,WAP,GRN,456
O'Connor,WAP,AUC,222
O'Connor,WAP,GAP,629
O'Connor,WAP,LP,496
O'Connor,AUC,ON,681
O'Connor,AUC,ALP,219
O'Connor,AUC,GRN,170
O'Connor,AUC,GAP,508
O'Connor,AUC,LP,1647
O'Connor,GAP,ON,2813
O'Connor,GAP,ALP,298
O'Connor,GAP,GRN,609
O'Connor,GAP,LP,677
O'Connor,ON,ALP,3231
O'Connor,ON,GRN,3478
O'Connor,ON,LP,5014
O'Connor,GRN,ALP,11513
O'Connor,GRN,LP,3703
Pearce,CYA,GAP,188
Pearce,CYA,GRN,47
Pearce,CYA,LDP,37
Pearce,CYA,ALP,27
Pearce,CYA,UAPP,36
Pearce,CYA,WAP,65
Pearce,CYA,ON,117
Pearce,CYA,LP,51
Pearce,CYA,AUC,116
Pearce,LDP,GAP,134
Pearce,LDP,GRN,199
Pearce,LDP,ALP,287
Pearce,LDP,UAPP,146
Pearce,LDP,WAP,151
Pearce,LDP,ON,190
Pearce,LDP,LP,428
Pearce,LDP,AUC,50
Pearce,AUC,GAP,105
Pearce,AUC,GRN,131
Pearce,AUC,ALP,177
Pearce,AUC,UAPP,158
Pearce,AUC,WAP,172
Pearce,AUC,ON,459
Pearce,AUC,LP,1061
Pearce,GAP,GRN,761
Pearce,GAP,ALP,162
Pearce,GAP,UAPP,552
Pearce,GAP,WAP,368
Pearce,GAP,ON,687
Pearce,GAP,LP,57
Pearce,WAP,GRN,659
Pearce,WAP,ALP,634
Pearce,WAP,UAPP,440
Pearce,WAP,ON,667
Pearce,WAP,LP,562
Pearce,UAPP,GRN,518
Pearce,UAPP,ALP,383
Pearce,UAPP,ON,2574
Pearce,UAPP,LP,391
Pearce,ON,GRN,3203
Pearce,ON,ALP,1577
Pearce,ON,LP,4209
Pearce,GRN,ALP,12197
Pearce,GRN,LP,3737
Perth,GAP,ON,131
Perth,GAP,AUC,65
Perth,GAP,WAP,109
Perth,GAP,AJP,36
Perth,GAP,ALP,35
Perth,GAP,LDP,19
Perth,GAP,UAPP,91
Perth,GAP,GRN,15
Perth,GAP,LP,23
Perth,GAP,CYA,178
Perth,CYA,ON,152
Perth,CYA,AUC,75
Perth,CYA,WAP,74
Perth,CYA,AJP,71
Perth,CYA,ALP,38
Perth,CYA,LDP,198
Perth,CYA,UAPP,125
Perth,CYA,GRN,71
Perth,CYA,LP,84
Perth,LDP,ON,217
Perth,LDP,AUC,143
Perth,LDP,WAP,127
Perth,LDP,AJP,69
Perth,LDP,ALP,258
Perth,LDP,UAPP,204
Perth,LDP,GRN,145
Perth,LDP,LP,461
Perth,AJP,ON,131
Perth,AJP,AUC,72
Perth,AJP,WAP,349
Perth,AJP,ALP,281
Perth,AJP,UAPP,88
Perth,AJP,GRN,672
Perth,AJP,LP,118
Perth,AUC,ON,476
Perth,AUC,WAP,260
Perth,AUC,ALP,187
Perth,AUC,UAPP,292
Perth,AUC,GRN,113
Perth,AUC,LP,541
Perth,UAPP,ON,1324
Perth,UAPP,WAP,471
Perth,UAPP,ALP,138
Perth,UAPP,GRN,252
Perth,UAPP,LP,220
Perth,WAP,ON,909
Perth,WAP,ALP,887
Perth,WAP,GRN,674
Perth,WAP,LP,798
Perth,ON,ALP,1669
Perth,ON,GRN,1871
Perth,ON,LP,2549
Perth,GRN,ALP,22592
Perth,GRN,LP,3842
Swan,CYA,UAPP,104
Swan,CYA,LDP,135
Swan,CYA,AJP,59
Swan,CYA,ALP,64
Swan,CYA,WAP,119
Swan,CYA,ON,152
Swan,CYA,LP,22
Swan,CYA,GRN,32
Swan,CYA,AUC,105
Swan,LDP,UAPP,301
Swan,LDP,AJP,198
Swan,LDP,ALP,294
Swan,LDP,WAP,228
Swan,LDP,ON,248
Swan,LDP,LP,523
Swan,LDP,GRN,107
Swan,LDP,AUC,57
Swan,AUC,UAPP,441
Swan,AUC,AJP,96
Swan,AUC,ALP,205
Swan,AUC,WAP,148
Swan,AUC,ON,323
Swan,AUC,LP,645
Swan,AUC,GRN,234
Swan,WAP,UAPP,241
Swan,WAP,AJP,426
Swan,WAP,ALP,550
Swan,WAP,ON,423
Swan,WAP,LP,558
Swan,WAP,GRN,356
Swan,AJP,UAPP,430
Swan,AJP,ALP,714
Swan,AJP,ON,343
Swan,AJP,LP,312
Swan,AJP,GRN,1194
Swan,ON,UAPP,2242
Swan,ON,ALP,489
Swan,ON,LP,743
Swan,ON,GRN,559
Swan,UAPP,ALP,1776
Swan,UAPP,LP,2782
Swan,UAPP,GRN,1838
Swan,GRN,ALP,15622
Swan,GRN,LP,3559
Tangney,CYA,ON,185
Tangney,CYA,WAP,129
Tangney,CYA,AUC,114
Tangney,CYA,UAPP,125
Tangney,CYA,ALP,83
Tangney,CYA,LP,101
Tangney,CYA,LDP,212
Tangney,CYA,GRN,79
Tangney,LDP,ON,249
Tangney,LDP,WAP,155
Tangney,LDP,AUC,80
Tangney,LDP,UAPP,231
Tangney,LDP,ALP,109
Tangney,LDP,LP,336
Tangney,LDP,GRN,162
Tangney,UAPP,ON,1146
Tangney,UAPP,WAP,254
Tangney,UAPP,AUC,199
Tangney,UAPP,ALP,126
Tangney,UAPP,LP,216
Tangney,UAPP,GRN,136
Tangney,WAP,ON,568
Tangney,WAP,AUC,330
Tangney,WAP,ALP,665
Tangney,WAP,LP,594
Tangney,WAP,GRN,477
Tangney,AUC,ON,953
Tangney,AUC,ALP,445
Tangney,AUC,LP,1545
Tangney,AUC,GRN,261
Tangney,ON,ALP,1286
Tangney,ON,LP,2572
Tangney,ON,GRN,1531
Tangney,GRN,ALP,12677
Tangney,GRN,LP,2845
