ID1,ID2,Number
ON,UAPP,1395
ON,ALP,285
ON,IND,425
ON,GRN,109
ON,LP,466
UAPP,ALP,983
UAPP,IND,1613
UAPP,GRN,262
UAPP,LP,1368
IND,ALP,3392
IND,GRN,3981
IND,LP,2688
ON,UAPP,859
ON,IND,205
ON,LP,303
ON,GRN,66
ON,ALP,98
UAPP,IND,1299
UAPP,LP,845
UAPP,GRN,169
UAPP,ALP,233
IND,LP,2140
IND,GRN,2393
IND,ALP,1743
LDP,ALP,255
LDP,LP,688
LDP,UAPP,238
LDP,ON,273
LDP,GRN,252
UAPP,ALP,351
UAPP,LP,481
UAPP,ON,1434
UAPP,GRN,318
ON,ALP,823
ON,LP,2228
ON,GRN,1075
nan,LP,132
nan,LDP,147
nan,UAPP,118
nan,GRN,231
nan,ON,114
nan,ALP,219
LDP,LP,444
LDP,UAPP,558
LDP,GRN,92
LDP,ON,201
LDP,ALP,116
ON,LP,522
ON,UAPP,1806
ON,GRN,249
ON,ALP,366
UAPP,LP,3958
UAPP,GRN,1683
UAPP,ALP,1889
ON,ALP,412
ON,UAPP,2850
ON,GRN,314
ON,LP,797
UAPP,ALP,2154
UAPP,GRN,1933
UAPP,LP,4374
DPDA,SOPA,202
DPDA,GRN,260
DPDA,LDP,73
DPDA,LP,233
DPDA,UAPP,82
DPDA,ON,47
DPDA,ALP,311
LDP,SOPA,82
LDP,GRN,188
LDP,LP,671
LDP,UAPP,181
LDP,ON,320
LDP,ALP,170
ON,SOPA,166
ON,GRN,111
ON,LP,361
ON,UAPP,1225
ON,ALP,168
SOPA,GRN,1614
SOPA,LP,278
SOPA,UAPP,283
SOPA,ALP,400
UAPP,GRN,1094
UAPP,LP,2767
UAPP,ALP,825
CYA,LDP,60
CYA,GRN,29
CYA,ON,90
CYA,LP,96
CYA,SOPA,20
CYA,ALP,30
CYA,IND,33
CYA,UAPP,108
CYA,IND,43
IND,LDP,18
IND,GRN,54
IND,ON,19
IND,LP,71
IND,SOPA,24
IND,ALP,73
IND,UAPP,51
IND,IND,627
SOPA,LDP,63
SOPA,GRN,626
SOPA,ON,50
SOPA,LP,158
SOPA,ALP,235
SOPA,UAPP,47
SOPA,IND,283
LDP,GRN,536
LDP,ON,311
LDP,LP,1091
LDP,ALP,148
LDP,UAPP,236
LDP,IND,126
UAPP,GRN,149
UAPP,ON,1586
UAPP,LP,449
UAPP,ALP,171
UAPP,IND,402
IND,GRN,1044
IND,ON,480
IND,LP,788
IND,ALP,971
ON,GRN,998
ON,LP,3179
ON,ALP,1331
ON,LP,1700
ON,GRN,415
ON,ALP,420
ON,UAPP,1886
GRN,LP,986
GRN,ALP,3840
GRN,UAPP,776
ON,IND,106
ON,ALP,52
ON,GRN,45
ON,IND,73
ON,UAPP,896
ON,LP,396
IND,IND,1840
IND,ALP,352
IND,GRN,475
IND,UAPP,120
IND,LP,304
UAPP,IND,1049
UAPP,ALP,346
UAPP,GRN,287
UAPP,LP,1830
GRN,IND,4592
GRN,ALP,4199
GRN,LP,976
UAPP,IND,622
UAPP,ON,2055
UAPP,GRN,153
UAPP,ALP,311
UAPP,NP,926
GRN,IND,2283
GRN,ON,332
GRN,ALP,1886
GRN,NP,543
ON,IND,4393
ON,ALP,1446
ON,NP,5605
IND,ON,281
IND,UAPP,307
IND,LDP,187
IND,GRN,310
IND,LP,294
IND,ALP,460
LDP,ON,478
LDP,UAPP,409
LDP,GRN,400
LDP,LP,1501
LDP,ALP,662
UAPP,ON,3414
UAPP,GRN,718
UAPP,LP,760
UAPP,ALP,973
GRN,ON,972
GRN,LP,1551
GRN,ALP,4527
UAPP,ON,2767
UAPP,GRN,478
UAPP,LP,699
UAPP,ALP,437
ON,GRN,2217
ON,LP,3136
ON,ALP,2399
UAPP,ON,1169
UAPP,ALP,156
UAPP,NP,283
UAPP,IND,353
UAPP,LDP,462
UAPP,GRN,251
LDP,ON,1461
LDP,ALP,400
LDP,NP,1764
LDP,IND,799
LDP,GRN,354
GRN,ON,495
GRN,ALP,2268
GRN,NP,631
GRN,IND,3729
ON,ALP,2469
ON,NP,5482
ON,IND,4221
CEC,LP,92
CEC,UAPP,242
CEC,ALP,183
CEC,GRN,292
CEC,LDP,116
CEC,ON,173
LDP,LP,928
LDP,UAPP,460
LDP,ALP,264
LDP,GRN,252
LDP,ON,419
UAPP,LP,969
UAPP,ALP,838
UAPP,GRN,596
UAPP,ON,3235
ON,LP,4841
ON,ALP,1925
ON,GRN,2279
LDP,SOPA,77
LDP,UAPP,189
LDP,LP,520
LDP,GRN,87
LDP,ON,387
LDP,ALP,283
SOPA,UAPP,667
SOPA,LP,253
SOPA,GRN,773
SOPA,ON,211
SOPA,ALP,375
UAPP,LP,1185
UAPP,GRN,594
UAPP,ON,2351
UAPP,ALP,544
GRN,LP,1293
GRN,ON,1256
GRN,ALP,7605
AUD,SPP,102
AUD,LDP,60
AUD,ALP,168
AUD,UAPP,50
AUD,LP,75
AUD,GRN,113
AUD,IMO,18
AUD,IND,46
AUD,ON,19
IMO,SPP,205
IMO,LDP,93
IMO,ALP,64
IMO,UAPP,120
IMO,LP,41
IMO,GRN,61
IMO,IND,198
IMO,ON,145
IND,SPP,410
IND,LDP,206
IND,ALP,370
IND,UAPP,228
IND,LP,239
IND,GRN,314
IND,ON,521
UAPP,SPP,321
UAPP,LDP,620
UAPP,ALP,284
UAPP,LP,356
UAPP,GRN,124
UAPP,ON,1259
SPP,LDP,853
SPP,ALP,785
SPP,LP,270
SPP,GRN,836
SPP,ON,554
LDP,ALP,1155
LDP,LP,1697
LDP,GRN,237
LDP,ON,1368
ON,ALP,2260
ON,LP,4119
ON,GRN,1838
LDP,GRN,73
LDP,LP,384
LDP,IND,125
LDP,ASP,231
LDP,ON,453
LDP,UAPP,249
LDP,ALP,80
IND,GRN,699
IND,LP,678
IND,ASP,754
IND,ON,375
IND,UAPP,238
IND,ALP,570
UAPP,GRN,238
UAPP,LP,530
UAPP,ASP,689
UAPP,ON,1914
UAPP,ALP,386
ASP,GRN,799
ASP,LP,1971
ASP,ON,3003
ASP,ALP,1240
GRN,LP,2914
GRN,ON,1247
GRN,ALP,6811
LDP,ALP,412
LDP,UAPP,271
LDP,IND,357
LDP,LP,839
LDP,ON,143
LDP,GRN,72
ON,ALP,324
ON,UAPP,1497
ON,IND,642
ON,LP,374
ON,GRN,353
GRN,ALP,2422
GRN,UAPP,428
GRN,IND,1144
GRN,LP,622
UAPP,ALP,1853
UAPP,IND,4377
UAPP,LP,1478
LDP,LP,255
LDP,IND,91
LDP,GRN,47
LDP,UAPP,132
LDP,ON,242
LDP,ALP,123
UAPP,LP,440
UAPP,IND,745
UAPP,GRN,213
UAPP,ON,1553
UAPP,ALP,289
IND,LP,1029
IND,GRN,1212
IND,ON,2333
IND,ALP,983
ON,LP,3825
ON,GRN,2430
ON,ALP,2326
AJP,UAPP,21
AJP,ALP,177
AJP,LP,79
AJP,SOPA,110
AJP,IND,110
AJP,ON,64
AJP,GRN,587
SOPA,UAPP,44
SOPA,ALP,262
SOPA,LP,90
SOPA,IND,312
SOPA,ON,39
SOPA,GRN,585
ON,UAPP,831
ON,ALP,117
ON,LP,260
ON,IND,244
ON,GRN,100
IND,UAPP,373
IND,ALP,650
IND,LP,444
IND,GRN,1172
UAPP,ALP,744
UAPP,LP,1782
UAPP,GRN,844
IND,UAPP,75
IND,ALP,474
IND,LDP,72
IND,IND,442
IND,ON,47
IND,LP,397
IND,GRN,108
ON,UAPP,973
ON,ALP,389
ON,LDP,258
ON,IND,408
ON,LP,512
ON,GRN,217
LDP,UAPP,496
LDP,ALP,728
LDP,IND,579
LDP,LP,1410
LDP,GRN,131
IND,UAPP,2532
IND,ALP,892
IND,LP,746
IND,GRN,531
GRN,UAPP,1019
GRN,ALP,5864
GRN,LP,1190
ON,LP,517
ON,GRN,108
ON,IND,256
ON,UAPP,1162
ON,IND,343
ON,ALP,214
IND,LP,477
IND,GRN,337
IND,IND,1761
IND,UAPP,225
IND,ALP,681
GRN,LP,640
GRN,IND,2622
GRN,UAPP,290
GRN,ALP,3011
UAPP,LP,4172
UAPP,IND,3162
UAPP,ALP,1529
LDP,ALP,44
LDP,UAPP,114
LDP,ON,144
LDP,IND,15
LDP,ASP,76
LDP,GRN,21
LDP,LP,239
LDP,IND,117
IND,ALP,144
IND,UAPP,48
IND,ON,88
IND,ASP,100
IND,GRN,160
IND,LP,78
IND,IND,521
ASP,ALP,412
ASP,UAPP,434
ASP,ON,953
ASP,GRN,284
ASP,LP,568
ASP,IND,633
UAPP,ALP,574
UAPP,ON,2724
UAPP,GRN,257
UAPP,LP,1282
UAPP,IND,539
GRN,ALP,2467
GRN,ON,454
GRN,LP,658
GRN,IND,2337
ON,ALP,2486
ON,LP,3653
ON,IND,5924
IMO,GRN,128
IMO,ALP,95
IMO,AJP,213
IMO,IND,414
IMO,UAPP,201
IMO,NP,97
IMO,ON,216
IMO,IND,94
IND,GRN,164
IND,ALP,149
IND,AJP,107
IND,IND,861
IND,UAPP,117
IND,NP,259
IND,ON,366
AJP,GRN,888
AJP,ALP,495
AJP,IND,566
AJP,UAPP,233
AJP,NP,254
AJP,ON,353
UAPP,GRN,300
UAPP,ALP,501
UAPP,IND,1165
UAPP,NP,864
UAPP,ON,2091
IND,GRN,1164
IND,ALP,1592
IND,NP,2024
IND,ON,4352
GRN,ALP,8992
GRN,NP,2062
GRN,ON,1152
ON,GRN,313
ON,UAPP,1961
ON,LP,477
ON,ALP,300
UAPP,GRN,1407
UAPP,LP,2920
UAPP,ALP,1022
LDP,ALP,166
LDP,GRN,73
LDP,ON,219
LDP,UAPP,431
LDP,LP,558
LDP,IMO,180
IMO,ALP,276
IMO,GRN,287
IMO,ON,549
IMO,UAPP,660
IMO,LP,483
UAPP,ALP,651
UAPP,GRN,525
UAPP,ON,3277
UAPP,LP,910
GRN,ALP,6699
GRN,ON,1208
GRN,LP,1382
IND,UAPP,678
IND,NP,494
IND,ALP,431
IND,IND,1590
IND,LDP,107
IND,ON,196
IND,GRN,324
UAPP,NP,1263
UAPP,ALP,393
UAPP,IND,596
UAPP,LDP,1015
UAPP,ON,1609
UAPP,GRN,223
IND,NP,1929
IND,ALP,1649
IND,LDP,1079
IND,ON,1633
IND,GRN,1470
LDP,NP,3690
LDP,ALP,920
LDP,ON,3705
LDP,GRN,710
GRN,NP,2195
GRN,ALP,7417
GRN,ON,1537
LDP,GRN,195
LDP,LP,882
LDP,ALP,372
LDP,UAPP,278
LDP,ON,470
UAPP,GRN,688
UAPP,LP,905
UAPP,ALP,1264
UAPP,ON,4023
GRN,LP,2335
GRN,ALP,5977
GRN,ON,1155
TNL,ON,225
TNL,IND,155
TNL,ALP,47
TNL,LP,44
TNL,UAPP,34
TNL,GRN,70
ON,IND,516
ON,ALP,160
ON,LP,433
ON,UAPP,1645
ON,GRN,95
UAPP,IND,1426
UAPP,ALP,576
UAPP,LP,2105
UAPP,GRN,453
GRN,IND,3870
GRN,ALP,1957
GRN,LP,823
LDP,ON,255
LDP,ALP,138
LDP,UAPP,231
LDP,AJP,88
LDP,GRN,57
LDP,IMO,83
LDP,LP,420
IMO,ON,385
IMO,ALP,91
IMO,UAPP,473
IMO,AJP,216
IMO,GRN,120
IMO,LP,116
AJP,ON,287
AJP,ALP,650
AJP,UAPP,265
AJP,GRN,879
AJP,LP,236
UAPP,ON,2339
UAPP,ALP,437
UAPP,GRN,282
UAPP,LP,685
ON,ALP,2509
ON,GRN,1548
ON,LP,4164
LDP,ALP,367
LDP,UAPP,490
LDP,ON,722
LDP,LP,929
LDP,GRN,314
GRN,ALP,3478
GRN,UAPP,559
GRN,ON,359
GRN,LP,840
ON,ALP,1002
ON,UAPP,3476
ON,LP,1215
ON,LDP,716
ON,UAPP,1393
ON,GRN,222
ON,ALP,234
ON,LP,693
LDP,UAPP,1694
LDP,GRN,459
LDP,ALP,530
LDP,LP,1741
UAPP,GRN,2065
UAPP,ALP,1797
UAPP,LP,3141
UAPP,LDP,287
UAPP,IND,382
UAPP,NP,442
UAPP,IND,260
UAPP,ON,878
UAPP,GRN,116
UAPP,ALP,180
IND,LDP,268
IND,NP,385
IND,IND,1653
IND,ON,184
IND,GRN,286
IND,ALP,314
LDP,NP,1893
LDP,IND,751
LDP,ON,538
LDP,GRN,177
LDP,ALP,370
ON,NP,2174
ON,IND,2714
ON,GRN,573
ON,ALP,709
GRN,NP,876
GRN,IND,1940
GRN,ALP,5861
CYA,GRN,433
CYA,UAPP,168
CYA,ALP,117
CYA,IMO,119
CYA,LP,90
CYA,ON,92
CYA,AJP,83
IMO,GRN,161
IMO,UAPP,193
IMO,ALP,115
IMO,LP,110
IMO,ON,397
IMO,AJP,283
UAPP,GRN,359
UAPP,ALP,412
UAPP,LP,366
UAPP,ON,1479
UAPP,AJP,262
AJP,GRN,1549
AJP,ALP,566
AJP,LP,371
AJP,ON,691
ON,GRN,1935
ON,ALP,1588
ON,LP,3893
IMO,SPP,60
IMO,UAPP,70
IMO,GRN,43
IMO,TNL,36
IMO,LDP,81
IMO,LP,41
IMO,IND,49
IMO,ON,88
IMO,ALP,23
TNL,SPP,71
TNL,UAPP,15
TNL,GRN,185
TNL,LDP,53
TNL,LP,144
TNL,IND,304
TNL,ON,11
TNL,ALP,139
ON,SPP,86
ON,UAPP,542
ON,GRN,34
ON,LDP,221
ON,LP,209
ON,IND,100
ON,ALP,56
SPP,UAPP,359
SPP,GRN,387
SPP,LDP,83
SPP,LP,123
SPP,IND,275
SPP,ALP,153
LDP,UAPP,579
LDP,GRN,75
LDP,LP,640
LDP,IND,160
LDP,ALP,107
UAPP,GRN,544
UAPP,LP,1210
UAPP,IND,1159
UAPP,ALP,382
GRN,LP,1256
GRN,IND,4428
GRN,ALP,3892
TNL,LDP,14
TNL,ON,11
TNL,GRN,25
TNL,CYA,8
TNL,ALP,17
TNL,IAP,17
TNL,UAPP,12
TNL,NP,27
TNL,IND,112
CYA,LDP,295
CYA,ON,148
CYA,GRN,59
CYA,ALP,44
CYA,IAP,70
CYA,UAPP,52
CYA,NP,59
CYA,IND,97
IAP,LDP,91
IAP,ON,160
IAP,GRN,395
IAP,ALP,285
IAP,UAPP,129
IAP,NP,268
IAP,IND,492
UAPP,LDP,528
UAPP,ON,1008
UAPP,GRN,118
UAPP,ALP,165
UAPP,NP,468
UAPP,IND,337
LDP,ON,2163
LDP,GRN,306
LDP,ALP,325
LDP,NP,1560
LDP,IND,470
ON,GRN,1025
ON,ALP,1141
ON,NP,3626
ON,IND,3319
GRN,ALP,4636
GRN,NP,1070
GRN,IND,5085
IMO,IAP,167
IMO,LDP,360
IMO,ON,217
IMO,NP,118
IMO,UAPP,148
IMO,IND,159
IMO,ALP,144
IMO,GRN,199
IND,IAP,350
IND,LDP,198
IND,ON,313
IND,NP,445
IND,UAPP,239
IND,ALP,518
IND,GRN,287
UAPP,IAP,322
UAPP,LDP,400
UAPP,ON,1129
UAPP,NP,505
UAPP,ALP,260
UAPP,GRN,143
GRN,IAP,1401
GRN,LDP,221
GRN,ON,302
GRN,NP,649
GRN,ALP,2270
IAP,LDP,1613
IAP,ON,1339
IAP,NP,1334
IAP,ALP,2420
LDP,ON,3877
LDP,NP,3428
LDP,ALP,1210
LDP,AJP,51
LDP,LP,491
LDP,ON,160
LDP,UAPP,289
LDP,GRN,77
LDP,ALP,145
LDP,IND,97
ON,AJP,209
ON,LP,427
ON,UAPP,990
ON,GRN,103
ON,ALP,160
ON,IND,282
AJP,LP,992
AJP,UAPP,314
AJP,GRN,603
AJP,ALP,405
AJP,IND,343
IND,LP,1127
IND,UAPP,827
IND,GRN,756
IND,ALP,994
UAPP,LP,3514
UAPP,GRN,1651
UAPP,ALP,1524
LDP,ON,285
LDP,LP,484
LDP,ALP,195
LDP,IMO,125
LDP,GRN,152
LDP,UAPP,380
IMO,ON,580
IMO,LP,176
IMO,ALP,315
IMO,GRN,341
IMO,UAPP,596
UAPP,ON,3552
UAPP,LP,590
UAPP,ALP,555
UAPP,GRN,753
GRN,ON,1316
GRN,LP,1144
GRN,ALP,7463
SOPA,ALP,362
SOPA,ON,73
SOPA,IND,229
SOPA,LDP,43
SOPA,LP,79
SOPA,UAPP,49
SOPA,GRN,718
LDP,ALP,236
LDP,ON,215
LDP,IND,185
LDP,LP,779
LDP,UAPP,371
LDP,GRN,81
ON,ALP,215
ON,IND,458
ON,LP,377
ON,UAPP,1159
ON,GRN,76
IND,ALP,1055
IND,LP,1068
IND,UAPP,980
IND,GRN,763
UAPP,ALP,1487
UAPP,LP,2386
UAPP,GRN,1216
IND,IND,903
IND,IMO,101
IND,IND,94
IND,LDP,38
IND,ALP,30
IND,NP,31
IND,ON,23
IND,GRN,30
IND,UAPP,24
IMO,IND,416
IMO,IND,991
IMO,LDP,217
IMO,ALP,75
IMO,NP,41
IMO,ON,263
IMO,GRN,193
IMO,UAPP,176
UAPP,IND,225
UAPP,IND,157
UAPP,LDP,523
UAPP,ALP,178
UAPP,NP,257
UAPP,ON,1451
UAPP,GRN,331
IND,IND,2343
IND,LDP,210
IND,ALP,294
IND,NP,219
IND,ON,126
IND,GRN,326
IND,LDP,2465
IND,ALP,568
IND,NP,479
IND,ON,1148
IND,GRN,1266
ON,LDP,2965
ON,ALP,824
ON,NP,2052
ON,GRN,1243
LDP,ALP,2677
LDP,NP,9175
LDP,GRN,2247
UAPP,ON,985
UAPP,ALP,269
UAPP,ASP,361
UAPP,NP,383
UAPP,IND,179
UAPP,LDP,320
UAPP,GRN,88
IND,ON,534
IND,ALP,457
IND,ASP,507
IND,NP,481
IND,LDP,401
IND,GRN,500
GRN,ON,426
GRN,ALP,4304
GRN,ASP,673
GRN,NP,847
GRN,LDP,687
ASP,ON,2607
ASP,ALP,1643
ASP,NP,2463
ASP,LDP,1108
LDP,ON,3119
LDP,ALP,1596
LDP,NP,4364
CYA,AJP,12
CYA,ALP,13
CYA,CEC,20
CYA,LP,13
CYA,UAPP,16
CYA,LDP,14
CYA,IAP,12
CYA,ON,53
CYA,IMO,38
CYA,GRN,29
CEC,AJP,47
CEC,ALP,42
CEC,LP,44
CEC,UAPP,32
CEC,LDP,25
CEC,IAP,33
CEC,ON,27
CEC,IMO,20
CEC,GRN,22
LDP,AJP,26
LDP,ALP,59
LDP,LP,254
LDP,UAPP,153
LDP,IAP,38
LDP,ON,158
LDP,IMO,52
LDP,GRN,35
IAP,AJP,226
IAP,ALP,237
IAP,LP,111
IAP,UAPP,68
IAP,ON,106
IAP,IMO,131
IAP,GRN,331
IMO,AJP,201
IMO,ALP,95
IMO,LP,74
IMO,UAPP,414
IMO,ON,399
IMO,GRN,172
AJP,ALP,828
AJP,LP,294
AJP,UAPP,303
AJP,ON,274
AJP,GRN,762
UAPP,ALP,322
UAPP,LP,909
UAPP,ON,2165
UAPP,GRN,382
ON,ALP,1676
ON,LP,3170
ON,GRN,2015
IND,AJP,496
IND,LDP,324
IND,LP,325
IND,ALP,501
IND,UAPP,187
IND,GRN,410
IND,ON,311
LDP,AJP,270
LDP,LP,1444
LDP,ALP,313
LDP,UAPP,696
LDP,GRN,143
LDP,ON,442
AJP,LP,1032
AJP,ALP,783
AJP,UAPP,403
AJP,GRN,1054
AJP,ON,473
UAPP,LP,742
UAPP,ALP,478
UAPP,GRN,526
UAPP,ON,2665
ON,LP,5281
ON,ALP,2222
ON,GRN,2785
CEC,SAL,106
CEC,ALP,269
CEC,ON,74
CEC,GRN,275
CEC,UAPP,130
CEC,LP,148
SAL,ALP,522
SAL,ON,138
SAL,GRN,831
SAL,UAPP,75
SAL,LP,58
ON,ALP,242
ON,GRN,222
ON,UAPP,1309
ON,LP,328
UAPP,ALP,658
UAPP,GRN,1029
UAPP,LP,2125
AJP,ON,104
AJP,IND,412
AJP,UAPP,100
AJP,GRN,452
AJP,LP,191
AJP,ALP,216
ON,IND,356
ON,UAPP,1261
ON,GRN,97
ON,LP,285
ON,ALP,85
UAPP,IND,997
UAPP,GRN,436
UAPP,LP,1866
UAPP,ALP,264
GRN,IND,4770
GRN,LP,771
GRN,ALP,2354
ON,LP,702
ON,UAPP,2539
ON,ALP,544
ON,GRN,393
GRN,LP,935
GRN,UAPP,850
GRN,ALP,6808
ON,ALP,56
ON,GRN,56
ON,UAPP,475
ON,IND,76
ON,LDP,126
ON,LP,106
LDP,ALP,56
LDP,GRN,44
LDP,UAPP,650
LDP,IND,126
LDP,LP,596
UAPP,ALP,311
UAPP,GRN,269
UAPP,IND,932
UAPP,LP,1426
GRN,ALP,2835
GRN,IND,4442
GRN,LP,502
ON,LDP,890
ON,UAPP,2011
ON,ALP,662
ON,GRN,529
ON,LP,1004
GRN,LDP,673
GRN,UAPP,1088
GRN,ALP,4521
GRN,LP,1019
LDP,UAPP,4566
LDP,ALP,2215
LDP,LP,3760
LDP,ALP,731
LDP,ON,746
LDP,LP,1715
LDP,UAPP,664
LDP,GRN,206
UAPP,ALP,886
UAPP,ON,3303
UAPP,LP,1555
UAPP,GRN,806
ON,ALP,3304
ON,LP,5572
ON,GRN,2716
IND,CLP,14
IND,GRN,25
IND,CEC,9
IND,UAPP,15
IND,ALP,25
IND,IND,277
IND,ON,31
IND,LDP,13
CEC,CLP,115
CEC,GRN,94
CEC,UAPP,101
CEC,ALP,49
CEC,IND,86
CEC,ON,29
CEC,LDP,32
IND,CLP,190
IND,GRN,320
IND,UAPP,179
IND,ALP,230
IND,ON,283
IND,LDP,109
LDP,CLP,705
LDP,GRN,214
LDP,UAPP,315
LDP,ALP,340
LDP,ON,528
UAPP,CLP,582
UAPP,GRN,435
UAPP,ALP,347
UAPP,ON,1128
ON,CLP,2505
ON,GRN,1042
ON,ALP,922
UAPP,LDP,385
UAPP,GRN,293
UAPP,ALP,281
UAPP,CLP,292
UAPP,ON,1377
ON,LDP,1696
ON,GRN,756
ON,ALP,519
ON,CLP,1354
LDP,GRN,1921
LDP,ALP,1706
LDP,CLP,4293
AUVA,GRN,219
AUVA,LDP,175
AUVA,UAPP,213
AUVA,ON,414
AUVA,ALP,274
AUVA,AJP,482
AUVA,LNP,326
AJP,GRN,1055
AJP,LDP,185
AJP,UAPP,342
AJP,ON,593
AJP,ALP,463
AJP,LNP,407
LDP,GRN,542
LDP,UAPP,659
LDP,ON,736
LDP,ALP,477
LDP,LNP,1026
UAPP,GRN,1124
UAPP,ON,4622
UAPP,ALP,870
UAPP,LNP,951
GRN,ON,3433
GRN,ALP,10222
GRN,LNP,2398
UAPP,LNP,647
UAPP,ON,1852
UAPP,ALP,328
UAPP,GRN,350
ON,LNP,4254
ON,ALP,1244
ON,GRN,1725
TNL,ON,188
TNL,UAPP,157
TNL,GRN,408
TNL,LNP,229
TNL,ALP,261
UAPP,ON,4609
UAPP,GRN,744
UAPP,LNP,906
UAPP,ALP,499
ON,GRN,4028
ON,LNP,6434
ON,ALP,2160
LDP,AJP,133
LDP,UAPP,266
LDP,GRN,162
LDP,ALP,178
LDP,LNP,654
LDP,ON,414
AJP,UAPP,423
AJP,GRN,1100
AJP,ALP,314
AJP,LNP,235
AJP,ON,196
UAPP,GRN,581
UAPP,ALP,211
UAPP,LNP,528
UAPP,ON,1471
ON,GRN,1257
ON,ALP,577
ON,LNP,2676
IMO,ON,272
IMO,GRN,141
IMO,ALP,78
IMO,LDP,55
IMO,IND,195
IMO,UAPP,57
IMO,LNP,52
IMO,GAP,276
LDP,ON,302
LDP,GRN,85
LDP,ALP,158
LDP,IND,200
LDP,UAPP,197
LDP,LNP,424
LDP,GAP,81
GAP,ON,635
GAP,GRN,83
GAP,ALP,73
GAP,IND,425
GAP,UAPP,691
GAP,LNP,197
IND,ON,1156
IND,GRN,575
IND,ALP,704
IND,UAPP,844
IND,LNP,589
UAPP,ON,3445
UAPP,GRN,408
UAPP,ALP,531
UAPP,LNP,960
GRN,ON,1408
GRN,ALP,4204
GRN,LNP,982
GAP,LNP,161
GAP,ON,473
GAP,ALP,216
GAP,UAPP,463
GAP,KAP,505
GAP,GRN,130
UAPP,LNP,512
UAPP,ON,1799
UAPP,ALP,363
UAPP,KAP,1226
UAPP,GRN,276
KAP,LNP,1274
KAP,ON,3953
KAP,ALP,942
KAP,GRN,751
GRN,LNP,1248
GRN,ON,1498
GRN,ALP,5086
LDP,IND,198
LDP,LNP,424
LDP,IND,75
LDP,ON,237
LDP,UAPP,126
LDP,ALP,90
LDP,GRN,86
IND,IND,897
IND,LNP,146
IND,ON,155
IND,UAPP,84
IND,ALP,203
IND,GRN,208
UAPP,IND,540
UAPP,LNP,363
UAPP,ON,1449
UAPP,ALP,297
UAPP,GRN,278
IND,LNP,927
IND,ON,1436
IND,ALP,551
IND,GRN,943
ON,LNP,4707
ON,ALP,1726
ON,GRN,2156
LDP,IND,311
LDP,ALP,284
LDP,UAPP,429
LDP,ON,450
LDP,LNP,1112
LDP,GRN,406
IND,ALP,1489
IND,UAPP,776
IND,ON,864
IND,LNP,543
IND,GRN,1046
UAPP,ALP,932
UAPP,ON,5230
UAPP,LNP,1237
UAPP,GRN,820
GRN,ALP,8853
GRN,ON,2178
GRN,LNP,2594
IND,LNP,40
IND,IMO,24
IND,AJP,45
IND,IND,348
IND,GRN,95
IND,UAPP,38
IND,ALP,57
IND,GAP,32
IND,ON,54
GAP,LNP,56
GAP,IMO,443
GAP,AJP,53
GAP,IND,104
GAP,GRN,54
GAP,UAPP,199
GAP,ALP,53
GAP,ON,389
IND,LNP,204
IND,IMO,359
IND,AJP,376
IND,GRN,289
IND,UAPP,180
IND,ALP,191
IND,ON,276
AJP,LNP,285
AJP,IMO,748
AJP,GRN,964
AJP,UAPP,172
AJP,ALP,261
AJP,ON,226
IMO,LNP,294
IMO,GRN,727
IMO,UAPP,967
IMO,ALP,173
IMO,ON,1410
UAPP,LNP,1013
UAPP,GRN,652
UAPP,ALP,502
UAPP,ON,5521
ON,LNP,7674
ON,GRN,4333
ON,ALP,2667
AJP,ON,471
AJP,ALP,311
AJP,LNP,301
AJP,GRN,1324
AJP,UAPP,323
UAPP,ON,5279
UAPP,ALP,462
UAPP,LNP,1000
UAPP,GRN,937
ON,ALP,3009
ON,LNP,8240
ON,GRN,4603
GAP,ALP,153
GAP,GRN,130
GAP,ON,842
GAP,IND,397
GAP,UAPP,407
GAP,LNP,83
GRN,ALP,2420
GRN,ON,436
GRN,IND,809
GRN,UAPP,202
GRN,LNP,270
IND,ALP,1283
IND,ON,1592
IND,UAPP,1346
IND,LNP,730
UAPP,ALP,963
UAPP,ON,5857
UAPP,LNP,1401
TNL,UAPP,63
TNL,LNP,77
TNL,GRN,170
TNL,ALP,104
TNL,ON,66
TNL,LDP,46
TNL,IND,154
TNL,AJP,48
AJP,UAPP,230
AJP,LNP,150
AJP,GRN,626
AJP,ALP,236
AJP,ON,287
AJP,LDP,101
AJP,IND,862
LDP,UAPP,712
LDP,LNP,765
LDP,GRN,174
LDP,ALP,274
LDP,ON,509
LDP,IND,381
IND,UAPP,711
IND,LNP,534
IND,GRN,1045
IND,ALP,728
IND,ON,1352
UAPP,LNP,2582
UAPP,GRN,1226
UAPP,ALP,791
UAPP,ON,4602
GRN,LNP,2490
GRN,ALP,7852
GRN,ON,2218
UAPP,ON,1547
UAPP,GRN,359
UAPP,ALP,201
UAPP,LNP,474
ON,GRN,1538
ON,ALP,618
ON,LNP,2895
CYA,ON,680
CYA,GRN,159
CYA,UAPP,262
CYA,IND,133
CYA,IND,120
CYA,LNP,100
CYA,ALP,85
UAPP,ON,3116
UAPP,GRN,275
UAPP,IND,577
UAPP,IND,370
UAPP,LNP,574
UAPP,ALP,272
GRN,ON,682
GRN,IND,1218
GRN,IND,1364
GRN,LNP,408
GRN,ALP,2378
IND,ON,706
IND,IND,5660
IND,LNP,1174
IND,ALP,1246
ON,IND,8178
ON,LNP,4844
ON,ALP,1343
GAP,IMO,157
GAP,ALP,51
GAP,GRN,70
GAP,LNP,79
GAP,IND,85
GAP,IND,49
GAP,UAPP,79
GAP,KAP,65
GAP,AJP,17
GAP,ON,97
IND,IMO,87
IND,ALP,61
IND,GRN,28
IND,LNP,106
IND,IND,490
IND,UAPP,44
IND,KAP,79
IND,AJP,33
IND,ON,63
AJP,IMO,193
AJP,ALP,197
AJP,GRN,333
AJP,LNP,121
AJP,IND,214
AJP,UAPP,52
AJP,KAP,116
AJP,ON,183
IMO,ALP,541
IMO,GRN,272
IMO,LNP,137
IMO,IND,331
IMO,UAPP,166
IMO,KAP,355
IMO,ON,293
UAPP,ALP,193
UAPP,GRN,112
UAPP,LNP,504
UAPP,IND,218
UAPP,KAP,869
UAPP,ON,828
IND,ALP,754
IND,GRN,1438
IND,LNP,664
IND,KAP,886
IND,ON,579
ON,ALP,548
ON,GRN,575
ON,LNP,1144
ON,KAP,4650
GRN,ALP,7335
GRN,LNP,1464
GRN,KAP,1625
GRN,LNP,424
GRN,UAPP,329
GRN,ON,349
GRN,ALP,2406
GRN,IND,2054
UAPP,LNP,1261
UAPP,ON,4570
UAPP,ALP,699
UAPP,IND,1216
ON,LNP,5330
ON,ALP,2012
ON,IND,6414
IND,KAP,976
IND,LNP,374
IND,GRN,666
IND,ALP,332
IND,UAPP,633
UAPP,KAP,3264
UAPP,LNP,635
UAPP,GRN,457
UAPP,ALP,431
GRN,KAP,1715
GRN,LNP,915
GRN,ALP,4506
CYA,SAL,23
CYA,IMO,67
CYA,LNP,48
CYA,KAP,42
CYA,SOPA,18
CYA,AJP,20
CYA,GRN,24
CYA,UAPP,57
CYA,ON,103
CYA,ALP,64
SOPA,SAL,117
SOPA,IMO,120
SOPA,LNP,53
SOPA,KAP,76
SOPA,AJP,212
SOPA,GRN,211
SOPA,UAPP,29
SOPA,ON,34
SOPA,ALP,96
AJP,SAL,122
AJP,IMO,283
AJP,LNP,112
AJP,KAP,137
AJP,GRN,493
AJP,UAPP,72
AJP,ON,126
AJP,ALP,140
IMO,SAL,398
IMO,LNP,140
IMO,KAP,355
IMO,GRN,222
IMO,UAPP,238
IMO,ON,689
IMO,ALP,69
UAPP,SAL,213
UAPP,LNP,622
UAPP,KAP,695
UAPP,GRN,277
UAPP,ON,1908
UAPP,ALP,274
SAL,LNP,1257
SAL,KAP,761
SAL,GRN,1456
SAL,ON,312
SAL,ALP,816
KAP,LNP,2094
KAP,GRN,1011
KAP,ON,2996
KAP,ALP,1131
GRN,LNP,1891
GRN,ON,1877
GRN,ALP,9069
IMO,UAPP,370
IMO,GRN,271
IMO,LNP,132
IMO,LDP,168
IMO,ALP,132
IMO,ON,305
LDP,UAPP,412
LDP,GRN,283
LDP,LNP,922
LDP,ALP,463
LDP,ON,500
UAPP,GRN,819
UAPP,LNP,600
UAPP,ALP,332
UAPP,ON,2351
ON,GRN,1712
ON,LNP,4004
ON,ALP,1467
LDP,ALP,208
LDP,UAPP,326
LDP,HMP,127
LDP,GRN,88
LDP,ON,447
LDP,AJP,169
LDP,LNP,646
AJP,ALP,263
AJP,UAPP,113
AJP,HMP,640
AJP,GRN,553
AJP,ON,325
AJP,LNP,335
UAPP,ALP,686
UAPP,HMP,1033
UAPP,GRN,374
UAPP,ON,3635
UAPP,LNP,660
HMP,ALP,1653
HMP,GRN,2677
HMP,ON,2490
HMP,LNP,1005
GRN,ALP,7326
GRN,ON,2450
GRN,LNP,1730
CYA,LNP,94
CYA,ASP,223
CYA,ALP,75
CYA,UAPP,136
CYA,GRN,105
CYA,ON,364
ASP,LNP,990
ASP,ALP,557
ASP,UAPP,679
ASP,GRN,328
ASP,ON,1364
GRN,LNP,747
GRN,ALP,3078
GRN,UAPP,448
GRN,ON,693
UAPP,LNP,1568
UAPP,ALP,816
UAPP,ON,5081
CYA,LNP,54
CYA,ON,140
CYA,GRN,111
CYA,AUVA,178
CYA,UAPP,48
CYA,LDP,37
CYA,ALP,26
LDP,LNP,683
LDP,ON,316
LDP,GRN,188
LDP,AUVA,207
LDP,UAPP,432
LDP,ALP,274
AUVA,LNP,387
AUVA,ON,921
AUVA,GRN,523
AUVA,UAPP,610
AUVA,ALP,254
UAPP,LNP,1003
UAPP,ON,5137
UAPP,GRN,916
UAPP,ALP,524
ON,LNP,7500
ON,GRN,3888
ON,ALP,2139
CYA,LNP,97
CYA,ON,150
CYA,AJP,97
CYA,GRN,76
CYA,ALP,49
CYA,LDP,51
CYA,IMO,80
CYA,UAPP,45
IMO,LNP,63
IMO,ON,249
IMO,AJP,240
IMO,GRN,123
IMO,ALP,63
IMO,LDP,117
IMO,UAPP,222
AJP,LNP,300
AJP,ON,422
AJP,GRN,1247
AJP,ALP,336
AJP,LDP,132
AJP,UAPP,284
LDP,LNP,1426
LDP,ON,847
LDP,GRN,352
LDP,ALP,412
LDP,UAPP,1568
UAPP,LNP,986
UAPP,ON,5063
UAPP,GRN,794
UAPP,ALP,758
ON,LNP,7380
ON,GRN,3384
ON,ALP,2948
CYA,ON,614
CYA,ALP,259
CYA,GRN,201
CYA,LNP,180
CYA,UAPP,214
UAPP,ON,1835
UAPP,ALP,355
UAPP,GRN,448
UAPP,LNP,640
ON,ALP,1314
ON,GRN,1390
ON,LNP,3109
UAPP,GRN,1118
UAPP,LNP,804
UAPP,ON,2485
UAPP,ALP,672
ON,GRN,1989
ON,LNP,4243
ON,ALP,1821
LDP,UAPP,421
LDP,GRN,263
LDP,ON,422
LDP,ALP,296
LDP,LNP,683
LDP,AJP,104
AJP,UAPP,331
AJP,GRN,939
AJP,ON,372
AJP,ALP,393
AJP,LNP,400
ON,UAPP,3748
ON,GRN,814
ON,ALP,704
ON,LNP,1141
UAPP,GRN,3507
UAPP,ALP,1702
UAPP,LNP,5205
AJP,LNP,266
AJP,GRN,827
AJP,UAPP,285
AJP,ON,422
AJP,ALP,484
UAPP,LNP,753
UAPP,GRN,800
UAPP,ON,3167
UAPP,ALP,629
ON,LNP,5065
ON,GRN,3290
ON,ALP,2240
CYA,UAPP,39
CYA,LDP,52
CYA,AUP,43
CYA,ON,65
CYA,AJP,44
CYA,GRN,25
CYA,ALP,28
CYA,LNP,57
AUP,UAPP,40
AUP,LDP,67
AUP,ON,32
AUP,AJP,129
AUP,GRN,255
AUP,ALP,83
AUP,LNP,43
AJP,UAPP,111
AJP,LDP,109
AJP,ON,124
AJP,GRN,621
AJP,ALP,180
AJP,LNP,116
UAPP,LDP,656
UAPP,ON,937
UAPP,GRN,224
UAPP,ALP,148
UAPP,LNP,287
ON,LDP,1787
ON,GRN,537
ON,ALP,263
ON,LNP,808
LDP,GRN,1372
LDP,ALP,753
LDP,LNP,3128
CYA,IND,76
CYA,ON,89
CYA,UAPP,44
CYA,GRN,33
CYA,LNP,50
CYA,IND,65
CYA,ALP,32
CYA,AUVA,54
CYA,IMO,58
AUVA,IND,123
AUVA,ON,180
AUVA,UAPP,62
AUVA,GRN,90
AUVA,LNP,161
AUVA,IND,147
AUVA,ALP,145
AUVA,IMO,203
IMO,IND,584
IMO,ON,610
IMO,UAPP,252
IMO,GRN,166
IMO,LNP,100
IMO,IND,429
IMO,ALP,217
IND,IND,1700
IND,ON,364
IND,UAPP,215
IND,GRN,333
IND,LNP,326
IND,ALP,440
UAPP,IND,795
UAPP,ON,3109
UAPP,GRN,303
UAPP,LNP,538
UAPP,ALP,234
IND,ON,4071
IND,GRN,1650
IND,LNP,813
IND,ALP,850
GRN,ON,1919
GRN,LNP,1731
GRN,ALP,8013
CYA,LNP,194
CYA,UAPP,357
CYA,ON,601
CYA,ALP,208
CYA,GRN,272
UAPP,LNP,1428
UAPP,ON,6258
UAPP,ALP,638
UAPP,GRN,736
GRN,LNP,1982
GRN,ON,2123
GRN,ALP,9010
CYA,LP,83
CYA,ALP,64
CYA,UAPP,215
CYA,SOPA,125
CYA,GRN,74
CYA,ON,309
SOPA,LP,150
SOPA,ALP,320
SOPA,UAPP,204
SOPA,GRN,943
SOPA,ON,139
UAPP,LP,569
UAPP,ALP,507
UAPP,GRN,527
UAPP,ON,1871
ON,LP,2653
ON,ALP,1142
ON,GRN,1900
CYA,NP,71
CYA,ON,122
CYA,IND,61
CYA,IND,100
CYA,GRN,50
CYA,LP,67
CYA,UAPP,139
CYA,ALP,150
IND,NP,109
IND,ON,217
IND,IND,1274
IND,GRN,105
IND,LP,123
IND,UAPP,66
IND,ALP,80
NP,ON,986
NP,IND,254
NP,GRN,188
NP,LP,935
NP,UAPP,200
NP,ALP,148
UAPP,ON,1803
UAPP,IND,1238
UAPP,GRN,338
UAPP,LP,781
UAPP,ALP,467
IND,ON,3123
IND,GRN,1247
IND,LP,870
IND,ALP,816
GRN,ON,1819
GRN,LP,1897
GRN,ALP,6053
CYA,GRN,41
CYA,UAPP,122
CYA,LDP,108
CYA,IND,58
CYA,AJP,17
CYA,LP,51
CYA,IND,22
CYA,ALP,20
CYA,ON,104
IND,GRN,94
IND,UAPP,116
IND,LDP,231
IND,AJP,69
IND,LP,85
IND,IND,313
IND,ALP,42
IND,ON,156
AJP,GRN,586
AJP,UAPP,76
AJP,LDP,52
AJP,LP,148
AJP,IND,245
AJP,ALP,247
AJP,ON,90
LDP,GRN,198
LDP,UAPP,312
LDP,LP,533
LDP,IND,135
LDP,ALP,81
LDP,ON,382
ON,GRN,181
ON,UAPP,1671
ON,LP,417
ON,IND,539
ON,ALP,244
UAPP,GRN,736
UAPP,LP,1735
UAPP,IND,1943
UAPP,ALP,403
IND,GRN,5448
IND,LP,2173
IND,ALP,3017
CYA,GRN,57
CYA,UAPP,119
CYA,LDP,91
CYA,IND,75
CYA,ALP,52
CYA,ON,164
CYA,IND,95
CYA,LP,68
IND,GRN,148
IND,UAPP,74
IND,LDP,42
IND,IND,605
IND,ALP,143
IND,ON,183
IND,LP,232
LDP,GRN,185
LDP,UAPP,271
LDP,IND,179
LDP,ALP,185
LDP,ON,281
LDP,LP,459
UAPP,GRN,739
UAPP,IND,1032
UAPP,ALP,538
UAPP,ON,3115
UAPP,LP,821
GRN,IND,3495
GRN,ALP,3039
GRN,ON,651
GRN,LP,938
ON,IND,5575
ON,ALP,1790
ON,LP,3481
CYA,GRN,67
CYA,LP,63
CYA,ON,106
CYA,ALP,67
CYA,UAPP,146
CYA,GAP,158
CYA,AJP,46
GAP,GRN,83
GAP,LP,83
GAP,ON,416
GAP,ALP,113
GAP,UAPP,439
GAP,AJP,208
AJP,GRN,1100
AJP,LP,248
AJP,ON,264
AJP,ALP,445
AJP,UAPP,537
UAPP,GRN,710
UAPP,LP,625
UAPP,ON,2840
UAPP,ALP,843
ON,GRN,2308
ON,LP,3718
ON,ALP,1941
CYA,IND,206
CYA,ON,379
CYA,UAPP,240
CYA,ALP,67
CYA,GRN,104
CYA,LP,83
IND,ON,1039
IND,UAPP,538
IND,ALP,572
IND,GRN,629
IND,LP,391
UAPP,ON,3216
UAPP,ALP,691
UAPP,GRN,634
UAPP,LP,558
ON,ALP,2862
ON,GRN,2688
ON,LP,4397
CYA,ALP,559
CYA,UAPP,441
CYA,ON,480
CYA,LP,266
CYA,GRN,161
UAPP,ALP,943
UAPP,ON,2892
UAPP,LP,638
UAPP,GRN,606
ON,ALP,2187
ON,LP,4151
ON,GRN,2131
CYA,ALP,33
CYA,AJP,72
CYA,LDP,236
CYA,XEN,85
CYA,GRN,37
CYA,LP,81
CYA,UAPP,276
CYA,ON,510
LDP,ALP,139
LDP,AJP,114
LDP,XEN,228
LDP,GRN,114
LDP,LP,449
LDP,UAPP,262
LDP,ON,354
AJP,ALP,332
AJP,XEN,457
AJP,GRN,825
AJP,LP,163
AJP,UAPP,152
AJP,ON,186
UAPP,ALP,277
UAPP,XEN,525
UAPP,GRN,337
UAPP,LP,475
UAPP,ON,3165
ON,ALP,738
ON,XEN,3757
ON,GRN,1027
ON,LP,3468
GRN,ALP,7350
GRN,XEN,7246
GRN,LP,1449
CYA,UAPP,383
CYA,ALP,233
CYA,GRN,320
CYA,LP,193
CYA,ON,607
UAPP,ALP,2057
UAPP,GRN,1255
UAPP,LP,876
UAPP,ON,3353
GRN,ALP,9216
GRN,LP,1943
GRN,ON,2468
TNL,GRN,60
TNL,ALP,48
TNL,ON,24
TNL,AUP,46
TNL,UAPP,10
TNL,CYA,9
TNL,AJP,19
TNL,LDP,7
TNL,DPDA,15
TNL,LP,13
AUP,GRN,155
AUP,ALP,65
AUP,ON,41
AUP,UAPP,56
AUP,CYA,35
AUP,AJP,67
AUP,LDP,13
AUP,DPDA,37
AUP,LP,34
CYA,GRN,38
CYA,ALP,39
CYA,ON,220
CYA,UAPP,153
CYA,AJP,51
CYA,LDP,166
CYA,DPDA,65
CYA,LP,67
DPDA,GRN,310
DPDA,ALP,226
DPDA,ON,67
DPDA,UAPP,73
DPDA,AJP,107
DPDA,LDP,104
DPDA,LP,237
LDP,GRN,144
LDP,ALP,115
LDP,ON,291
LDP,UAPP,243
LDP,AJP,131
LDP,LP,513
AJP,GRN,847
AJP,ALP,327
AJP,ON,202
AJP,UAPP,273
AJP,LP,257
ON,GRN,388
ON,ALP,302
ON,UAPP,2501
ON,LP,547
UAPP,GRN,1734
UAPP,ALP,1337
UAPP,LP,3246
LDP,IND,50
LDP,JLN,62
LDP,GRN,15
LDP,LP,238
LDP,AJP,34
LDP,UAPP,125
LDP,ON,150
LDP,ALP,58
AJP,IND,157
AJP,JLN,137
AJP,GRN,267
AJP,LP,118
AJP,UAPP,70
AJP,ON,103
AJP,ALP,151
UAPP,IND,180
UAPP,JLN,205
UAPP,GRN,53
UAPP,LP,151
UAPP,ON,641
UAPP,ALP,105
IND,JLN,1125
IND,GRN,750
IND,LP,800
IND,ON,438
IND,ALP,724
ON,JLN,1988
ON,GRN,413
ON,LP,1212
ON,ALP,949
JLN,GRN,2478
JLN,LP,2845
JLN,ALP,2781
AJP,ON,33
AJP,GRN,137
AJP,LP,25
AJP,TLOC,39
AJP,ALP,55
AJP,UAPP,18
AJP,IND,107
AJP,JLN,140
AJP,LDP,12
TLOC,ON,41
TLOC,GRN,125
TLOC,LP,102
TLOC,ALP,156
TLOC,UAPP,46
TLOC,IND,184
TLOC,JLN,86
TLOC,LDP,18
LDP,ON,196
LDP,GRN,22
LDP,LP,280
LDP,ALP,42
LDP,UAPP,144
LDP,IND,93
LDP,JLN,224
UAPP,ON,488
UAPP,GRN,44
UAPP,LP,190
UAPP,ALP,85
UAPP,IND,218
UAPP,JLN,183
ON,GRN,546
ON,LP,886
ON,ALP,247
ON,IND,1424
ON,JLN,720
GRN,LP,889
GRN,ALP,2487
GRN,IND,1320
GRN,JLN,923
IND,LP,1960
IND,ALP,2607
IND,JLN,4317
LDP,ON,116
LDP,ALP,91
LDP,LP,277
LDP,GRN,33
LDP,IND,98
LDP,AJP,20
LDP,UAPP,104
AJP,ON,80
AJP,ALP,102
AJP,LP,52
AJP,GRN,229
AJP,IND,271
AJP,UAPP,114
UAPP,ON,490
UAPP,ALP,109
UAPP,LP,116
UAPP,GRN,111
UAPP,IND,333
ON,ALP,635
ON,LP,525
ON,GRN,209
ON,IND,1032
GRN,ALP,2977
GRN,LP,364
GRN,IND,6102
AJP,TLOC,169
AJP,ALP,117
AJP,LDP,23
AJP,ON,39
AJP,UAPP,53
AJP,JLN,156
AJP,LP,129
AJP,GRN,411
UAPP,TLOC,142
UAPP,ALP,120
UAPP,LDP,188
UAPP,ON,515
UAPP,JLN,223
UAPP,LP,178
UAPP,GRN,67
LDP,TLOC,236
LDP,ALP,232
LDP,ON,369
LDP,JLN,174
LDP,LP,592
LDP,GRN,42
ON,TLOC,934
ON,ALP,289
ON,JLN,904
ON,LP,682
ON,GRN,147
TLOC,ALP,1449
TLOC,JLN,1448
TLOC,LP,583
TLOC,GRN,1536
JLN,ALP,2659
JLN,LP,2464
JLN,GRN,1997
LDP,LP,534
LDP,ALP,109
LDP,AJP,69
LDP,UAPP,173
LDP,JLN,81
LDP,ON,195
LDP,GRN,27
AJP,LP,162
AJP,ALP,227
AJP,UAPP,192
AJP,JLN,293
AJP,ON,133
AJP,GRN,374
UAPP,LP,325
UAPP,ALP,281
UAPP,JLN,639
UAPP,ON,963
UAPP,GRN,133
ON,LP,1331
ON,ALP,692
ON,JLN,2630
ON,GRN,565
GRN,LP,804
GRN,ALP,5434
GRN,JLN,3243
TNL,UAPP,91
TNL,LP,122
TNL,GVIC,366
TNL,ON,103
TNL,LDP,133
TNL,ALP,158
LDP,UAPP,674
LDP,LP,513
LDP,GVIC,198
LDP,ON,589
LDP,ALP,270
ON,UAPP,2429
ON,LP,503
ON,GVIC,407
ON,ALP,375
UAPP,LP,5305
UAPP,GVIC,2217
UAPP,ALP,1662
CYA,GVIC,50
CYA,LP,49
CYA,IND,158
CYA,UAPP,113
CYA,ON,131
CYA,LDP,131
CYA,ALP,50
IND,GVIC,543
IND,LP,265
IND,UAPP,369
IND,ON,354
IND,LDP,291
IND,ALP,380
LDP,GVIC,229
LDP,LP,841
LDP,UAPP,1320
LDP,ON,755
LDP,ALP,493
ON,GVIC,348
ON,LP,654
ON,UAPP,2948
ON,ALP,766
UAPP,GVIC,1567
UAPP,LP,4406
UAPP,ALP,2470
LDP,IND,272
LDP,ALP,174
LDP,LP,600
LDP,GVIC,146
LDP,ON,544
LDP,UAPP,1152
IND,ALP,1302
IND,LP,663
IND,GVIC,626
IND,ON,1407
IND,UAPP,593
UAPP,ALP,480
UAPP,LP,491
UAPP,GVIC,356
UAPP,ON,3997
ON,ALP,2778
ON,LP,6527
ON,GVIC,2151
ON,LDP,956
ON,UAPP,2193
ON,ALP,536
ON,LP,477
ON,GVIC,382
LDP,UAPP,3313
LDP,ALP,589
LDP,LP,1564
LDP,GVIC,311
GVIC,UAPP,1427
GVIC,ALP,6924
GVIC,LP,1615
CYA,ON,336
CYA,LP,128
CYA,GVIC,136
CYA,ALP,162
CYA,UAPP,373
CYA,VNS,377
VNS,ON,323
VNS,LP,292
VNS,GVIC,1542
VNS,ALP,821
VNS,UAPP,832
ON,LP,2022
ON,GVIC,860
ON,ALP,790
ON,UAPP,2944
GVIC,LP,1812
GVIC,ALP,7124
GVIC,UAPP,1879
CYA,GVIC,15
CYA,IND,69
CYA,AJP,18
CYA,LP,61
CYA,ALP,27
CYA,ON,147
CYA,LDP,136
CYA,DHJP,19
CYA,UAPP,155
CYA,IND,39
DHJP,GVIC,91
DHJP,IND,109
DHJP,AJP,158
DHJP,LP,168
DHJP,ALP,145
DHJP,ON,206
DHJP,LDP,53
DHJP,UAPP,128
DHJP,IND,168
AJP,GVIC,701
AJP,IND,229
AJP,LP,197
AJP,ALP,318
AJP,ON,179
AJP,LDP,48
AJP,UAPP,102
AJP,IND,246
LDP,GVIC,99
LDP,IND,191
LDP,LP,470
LDP,ALP,114
LDP,ON,598
LDP,UAPP,641
LDP,IND,132
IND,GVIC,406
IND,LP,377
IND,ALP,263
IND,ON,779
IND,UAPP,1217
IND,IND,1011
ON,GVIC,281
ON,LP,680
ON,ALP,403
ON,UAPP,3145
ON,IND,660
UAPP,GVIC,596
UAPP,LP,4551
UAPP,ALP,678
UAPP,IND,4397
IND,GVIC,8014
IND,LP,3380
IND,ALP,3566
CEC,LP,25
CEC,DHJP,22
CEC,CYA,19
CEC,ON,28
CEC,AJP,51
CEC,LDP,33
CEC,GVIC,49
CEC,UAPP,24
CEC,IND,26
CEC,IND,48
CEC,ALP,59
CYA,LP,74
CYA,DHJP,49
CYA,ON,72
CYA,AJP,38
CYA,LDP,107
CYA,GVIC,51
CYA,UAPP,40
CYA,IND,106
CYA,IND,13
CYA,ALP,36
IND,LP,98
IND,DHJP,30
IND,ON,12
IND,AJP,26
IND,LDP,18
IND,GVIC,122
IND,UAPP,27
IND,IND,332
IND,ALP,153
DHJP,LP,208
DHJP,ON,208
DHJP,AJP,133
DHJP,LDP,91
DHJP,GVIC,98
DHJP,UAPP,59
DHJP,IND,100
DHJP,ALP,150
AJP,LP,129
AJP,ON,123
AJP,LDP,97
AJP,GVIC,558
AJP,UAPP,68
AJP,IND,154
AJP,ALP,241
ON,LP,255
ON,LDP,509
ON,GVIC,169
ON,UAPP,590
ON,IND,196
ON,ALP,101
LDP,LP,547
LDP,GVIC,314
LDP,UAPP,998
LDP,IND,464
LDP,ALP,152
IND,LP,441
IND,GVIC,699
IND,UAPP,1276
IND,ALP,552
UAPP,LP,2845
UAPP,GVIC,1511
UAPP,ALP,1021
SOPA,AJP,252
SOPA,VNS,289
SOPA,GVIC,604
SOPA,LP,104
SOPA,UAPP,66
SOPA,ON,41
SOPA,ALP,229
AJP,VNS,803
AJP,GVIC,778
AJP,LP,191
AJP,UAPP,180
AJP,ON,126
AJP,ALP,381
ON,VNS,225
ON,GVIC,129
ON,LP,311
ON,UAPP,2017
ON,ALP,292
VNS,GVIC,3503
VNS,LP,150
VNS,UAPP,369
VNS,ALP,545
UAPP,GVIC,1731
UAPP,LP,3351
UAPP,ALP,1720
CYA,GVIC,305
CYA,ALP,98
CYA,AJP,63
CYA,LP,58
CYA,LDP,106
CYA,ON,112
CYA,UAPP,80
CYA,DHJP,46
DHJP,GVIC,191
DHJP,ALP,210
DHJP,AJP,266
DHJP,LP,177
DHJP,LDP,77
DHJP,ON,285
DHJP,UAPP,261
AJP,GVIC,950
AJP,ALP,639
AJP,LP,180
AJP,LDP,156
AJP,ON,231
AJP,UAPP,159
LDP,GVIC,188
LDP,ALP,218
LDP,LP,589
LDP,ON,858
LDP,UAPP,1012
ON,GVIC,363
ON,ALP,437
ON,LP,497
ON,UAPP,2737
UAPP,GVIC,1872
UAPP,ALP,1503
UAPP,LP,4107
CYA,SAL,206
CYA,LP,112
CYA,GVIC,141
CYA,ON,148
CYA,AJP,98
CYA,LDP,201
CYA,UAPP,93
CYA,ALP,81
AJP,SAL,345
AJP,LP,179
AJP,GVIC,899
AJP,ON,244
AJP,LDP,123
AJP,UAPP,231
AJP,ALP,427
SAL,LP,785
SAL,GVIC,1362
SAL,ON,208
SAL,LDP,121
SAL,UAPP,142
SAL,ALP,377
LDP,LP,903
LDP,GVIC,246
LDP,ON,851
LDP,UAPP,1487
LDP,ALP,341
ON,LP,727
ON,GVIC,608
ON,UAPP,3245
ON,ALP,659
UAPP,LP,5501
UAPP,GVIC,2244
UAPP,ALP,2234
CYA,ALP,83
CYA,GVIC,54
CYA,IND,44
CYA,AJP,49
CYA,LDP,229
CYA,LP,115
CYA,DHJP,59
CYA,UAPP,133
CYA,ON,143
DHJP,ALP,148
DHJP,GVIC,97
DHJP,IND,116
DHJP,AJP,176
DHJP,LDP,86
DHJP,LP,230
DHJP,UAPP,113
DHJP,ON,173
IND,ALP,299
IND,GVIC,353
IND,AJP,248
IND,LDP,99
IND,LP,209
IND,UAPP,114
IND,ON,109
AJP,ALP,427
AJP,GVIC,925
AJP,LDP,142
AJP,LP,203
AJP,UAPP,205
AJP,ON,221
LDP,ALP,228
LDP,GVIC,221
LDP,LP,633
LDP,UAPP,529
LDP,ON,788
ON,ALP,257
ON,GVIC,259
ON,LP,451
ON,UAPP,2773
UAPP,ALP,872
UAPP,GVIC,1578
UAPP,LP,4253
CYA,IND,129
CYA,ALP,37
CYA,LDP,70
CYA,AJP,56
CYA,GVIC,49
CYA,LP,55
CYA,ON,74
CYA,UAPP,96
AJP,IND,308
AJP,ALP,437
AJP,LDP,75
AJP,GVIC,798
AJP,LP,163
AJP,ON,175
AJP,UAPP,113
LDP,IND,326
LDP,ALP,248
LDP,GVIC,155
LDP,LP,614
LDP,ON,614
LDP,UAPP,586
ON,IND,657
ON,ALP,272
ON,GVIC,193
ON,LP,407
ON,UAPP,2023
IND,ALP,1284
IND,GVIC,843
IND,LP,499
IND,UAPP,2492
UAPP,ALP,1763
UAPP,GVIC,2397
UAPP,LP,5996
CYA,UAPP,72
CYA,ON,110
CYA,LDP,96
CYA,LP,44
CYA,GVIC,39
CYA,IND,56
CYA,ALP,28
CYA,IND,30
CYA,AJP,11
AJP,UAPP,111
AJP,ON,161
AJP,LDP,26
AJP,LP,159
AJP,GVIC,595
AJP,IND,218
AJP,ALP,353
AJP,IND,448
LDP,UAPP,781
LDP,ON,751
LDP,LP,560
LDP,GVIC,105
LDP,IND,134
LDP,ALP,70
LDP,IND,87
ON,UAPP,2781
ON,LP,561
ON,GVIC,190
ON,IND,378
ON,ALP,221
ON,IND,264
IND,UAPP,354
IND,LP,425
IND,GVIC,1321
IND,ALP,1456
IND,IND,2419
UAPP,LP,4048
UAPP,GVIC,766
UAPP,ALP,772
UAPP,IND,2985
GVIC,LP,1251
GVIC,ALP,5277
GVIC,IND,5781
LDP,LP,670
LDP,ALP,379
LDP,GVIC,199
LDP,UAPP,547
LDP,ON,475
LDP,VNS,79
ON,LP,319
ON,ALP,231
ON,GVIC,193
ON,UAPP,2082
ON,VNS,345
VNS,LP,322
VNS,ALP,814
VNS,GVIC,3020
VNS,UAPP,697
UAPP,LP,3691
UAPP,ALP,1318
UAPP,GVIC,2405
CYA,GVIC,142
CYA,LP,185
CYA,VNS,155
CYA,UAPP,179
CYA,LDP,232
CYA,ON,137
CYA,ALP,105
VNS,GVIC,846
VNS,LP,148
VNS,UAPP,218
VNS,LDP,99
VNS,ON,87
VNS,ALP,260
LDP,GVIC,217
LDP,LP,651
LDP,UAPP,573
LDP,ON,776
LDP,ALP,299
ON,GVIC,322
ON,LP,450
ON,UAPP,2504
ON,ALP,526
UAPP,GVIC,1947
UAPP,LP,4790
UAPP,ALP,1817
LDP,ON,1098
LDP,NP,1667
LDP,UAPP,590
LDP,GVIC,336
LDP,ALP,595
UAPP,ON,3355
UAPP,NP,1141
UAPP,GVIC,284
UAPP,ALP,403
GVIC,ON,600
GVIC,NP,1856
GVIC,ALP,6709
SPP,GVIC,108
SPP,DHJP,74
SPP,LDP,46
SPP,IND,82
SPP,ON,29
SPP,UAPP,24
SPP,LP,48
SPP,ALP,32
DHJP,GVIC,162
DHJP,LDP,71
DHJP,IND,132
DHJP,ON,83
DHJP,UAPP,37
DHJP,LP,115
DHJP,ALP,63
ON,GVIC,56
ON,LDP,436
ON,IND,160
ON,UAPP,524
ON,LP,134
ON,ALP,41
UAPP,GVIC,164
UAPP,LDP,1154
UAPP,IND,504
UAPP,LP,492
UAPP,ALP,111
LDP,GVIC,236
LDP,IND,1034
LDP,LP,2189
LDP,ALP,320
GVIC,IND,5334
GVIC,LP,707
GVIC,ALP,2368
CYA,ON,177
CYA,GVIC,42
CYA,UAPP,112
CYA,VNS,54
CYA,ALP,126
CYA,IND,186
CYA,GAP,194
CYA,LP,172
GAP,ON,320
GAP,GVIC,85
GAP,UAPP,473
GAP,VNS,66
GAP,ALP,118
GAP,IND,318
GAP,LP,126
VNS,ON,171
VNS,GVIC,942
VNS,UAPP,247
VNS,ALP,464
VNS,IND,222
VNS,LP,138
IND,ON,740
IND,GVIC,565
IND,UAPP,726
IND,ALP,588
IND,LP,448
ON,GVIC,1970
ON,UAPP,4372
ON,ALP,879
ON,LP,906
GVIC,UAPP,3520
GVIC,ALP,6987
GVIC,LP,1422
CEC,CYA,27
CEC,GAP,28
CEC,ALP,43
CEC,IND,49
CEC,TNL,18
CEC,LP,28
CEC,GVIC,35
CEC,ON,83
CEC,VNS,80
CEC,UAPP,43
VNS,CYA,53
VNS,GAP,28
VNS,ALP,127
VNS,IND,80
VNS,TNL,65
VNS,LP,31
VNS,GVIC,399
VNS,ON,72
VNS,UAPP,114
TNL,CYA,89
TNL,GAP,85
TNL,ALP,297
TNL,IND,564
TNL,LP,135
TNL,GVIC,241
TNL,ON,43
TNL,UAPP,61
GAP,CYA,750
GAP,ALP,222
GAP,IND,272
GAP,LP,124
GAP,GVIC,88
GAP,ON,287
GAP,UAPP,225
CYA,ALP,1337
CYA,IND,747
CYA,LP,162
CYA,GVIC,130
CYA,ON,242
CYA,UAPP,227
ON,ALP,591
ON,IND,1058
ON,LP,620
ON,GVIC,362
ON,UAPP,2968
GVIC,ALP,5818
GVIC,IND,1652
GVIC,LP,804
GVIC,UAPP,766
UAPP,ALP,1772
UAPP,IND,5117
UAPP,LP,3646
CYA,LDP,156
CYA,UAPP,98
CYA,AJP,44
CYA,LP,52
CYA,REAS,49
CYA,ALP,55
CYA,GVIC,61
AJP,LDP,67
AJP,UAPP,136
AJP,LP,162
AJP,REAS,182
AJP,ALP,268
AJP,GVIC,524
REAS,LDP,130
REAS,UAPP,103
REAS,LP,155
REAS,ALP,392
REAS,GVIC,909
UAPP,LDP,1167
UAPP,LP,522
UAPP,ALP,178
UAPP,GVIC,387
LDP,LP,2997
LDP,ALP,590
LDP,GVIC,581
CYA,IND,114
CYA,ALP,85
CYA,UAPP,109
CYA,ON,196
CYA,LDP,108
CYA,GVIC,59
CYA,LP,59
LDP,IND,148
LDP,ALP,263
LDP,UAPP,618
LDP,ON,517
LDP,GVIC,235
LDP,LP,750
IND,ALP,1076
IND,UAPP,556
IND,ON,409
IND,GVIC,476
IND,LP,418
ON,ALP,728
ON,UAPP,3420
ON,GVIC,557
ON,LP,712
GVIC,ALP,5799
GVIC,UAPP,1576
GVIC,LP,1535
ON,LDP,728
ON,ALP,248
ON,GVIC,223
ON,UAPP,1377
ON,LP,350
UAPP,LDP,3296
UAPP,ALP,1241
UAPP,GVIC,1391
UAPP,LP,1318
LDP,ALP,2906
LDP,GVIC,1580
LDP,LP,6129
DHJP,AJP,152
DHJP,IND,251
DHJP,UAPP,118
DHJP,ON,272
DHJP,GVIC,54
DHJP,NP,58
DHJP,ALP,65
DHJP,LDP,22
DHJP,LP,82
AJP,IND,837
AJP,UAPP,183
AJP,ON,246
AJP,GVIC,316
AJP,NP,54
AJP,ALP,125
AJP,LDP,41
AJP,LP,99
LDP,IND,249
LDP,UAPP,470
LDP,ON,793
LDP,GVIC,45
LDP,NP,137
LDP,ALP,84
LDP,LP,585
UAPP,IND,480
UAPP,ON,2143
UAPP,GVIC,116
UAPP,NP,204
UAPP,ALP,123
UAPP,LP,263
GVIC,IND,2277
GVIC,ON,247
GVIC,NP,265
GVIC,ALP,1135
GVIC,LP,233
NP,IND,647
NP,ON,450
NP,ALP,337
NP,LP,3138
ON,IND,4794
ON,ALP,1198
ON,LP,3525
AJP,ON,179
AJP,ALP,357
AJP,LDP,131
AJP,LP,186
AJP,GVIC,1127
AJP,UAPP,279
ON,ALP,708
ON,LDP,776
ON,LP,353
ON,GVIC,204
ON,UAPP,1268
LDP,ALP,789
LDP,LP,1778
LDP,GVIC,445
LDP,UAPP,2680
UAPP,ALP,1589
UAPP,LP,5249
UAPP,GVIC,2244
CYA,ALP,129
CYA,UAPP,132
CYA,IND,124
CYA,LDP,137
CYA,GVIC,64
CYA,ON,103
CYA,LP,75
ON,ALP,194
ON,UAPP,1030
ON,IND,234
ON,LDP,468
ON,GVIC,137
ON,LP,314
IND,ALP,945
IND,UAPP,498
IND,LDP,395
IND,GVIC,1295
IND,LP,375
LDP,ALP,422
LDP,UAPP,2630
LDP,GVIC,382
LDP,LP,1326
UAPP,ALP,2270
UAPP,GVIC,1549
UAPP,LP,3964
AUVA,IND,17
AUVA,UAPP,11
AUVA,LDP,15
AUVA,DHJP,7
AUVA,ON,15
AUVA,IND,9
AUVA,LP,28
AUVA,ALP,10
AUVA,AJP,11
AUVA,GVIC,29
DHJP,IND,35
DHJP,UAPP,11
DHJP,LDP,18
DHJP,ON,25
DHJP,IND,10
DHJP,LP,35
DHJP,ALP,20
DHJP,AJP,21
DHJP,GVIC,9
IND,IND,101
IND,UAPP,20
IND,LDP,22
IND,ON,23
IND,LP,56
IND,ALP,24
IND,AJP,19
IND,GVIC,19
AJP,IND,131
AJP,UAPP,21
AJP,LDP,31
AJP,ON,19
AJP,LP,49
AJP,ALP,52
AJP,GVIC,248
ON,IND,76
ON,UAPP,312
ON,LDP,271
ON,LP,111
ON,ALP,28
ON,GVIC,25
UAPP,IND,247
UAPP,LDP,709
UAPP,LP,297
UAPP,ALP,58
UAPP,GVIC,75
LDP,IND,549
LDP,LP,1258
LDP,ALP,226
LDP,GVIC,113
GVIC,IND,4725
GVIC,LP,561
GVIC,ALP,1693
CYA,LP,110
CYA,ON,175
CYA,GVIC,81
CYA,UAPP,118
CYA,ALP,89
CYA,LDP,166
CYA,AJP,151
LDP,LP,349
LDP,ON,613
LDP,GVIC,78
LDP,UAPP,737
LDP,ALP,127
LDP,AJP,173
AJP,LP,382
AJP,ON,389
AJP,GVIC,931
AJP,UAPP,466
AJP,ALP,606
ON,LP,1026
ON,GVIC,571
ON,UAPP,3648
ON,ALP,487
UAPP,LP,6422
UAPP,GVIC,2649
UAPP,ALP,2080
CYA,IND,95
CYA,VNS,52
CYA,UAPP,110
CYA,ALP,143
CYA,LDP,197
CYA,ON,175
CYA,GVIC,82
CYA,LP,97
VNS,IND,230
VNS,UAPP,167
VNS,ALP,327
VNS,LDP,69
VNS,ON,60
VNS,GVIC,600
VNS,LP,81
IND,UAPP,991
IND,ALP,676
IND,LDP,253
IND,ON,211
IND,GVIC,440
IND,LP,289
LDP,UAPP,1205
LDP,ALP,663
LDP,ON,696
LDP,GVIC,341
LDP,LP,1017
ON,UAPP,2595
ON,ALP,701
ON,GVIC,667
ON,LP,668
GVIC,UAPP,1580
GVIC,ALP,7847
GVIC,LP,1895
ON,IND,188
ON,LP,142
ON,ALP,64
ON,LDP,302
ON,AJP,69
ON,GVIC,54
ON,UAPP,530
AJP,IND,197
AJP,LP,138
AJP,ALP,361
AJP,LDP,84
AJP,GVIC,882
AJP,UAPP,131
IND,LP,602
IND,ALP,432
IND,LDP,297
IND,GVIC,519
IND,UAPP,370
LDP,LP,691
LDP,ALP,232
LDP,GVIC,263
LDP,UAPP,1443
UAPP,LP,2778
UAPP,ALP,508
UAPP,GVIC,1250
CEC,NP,130
CEC,IND,160
CEC,IND,142
CEC,ALP,116
CEC,GVIC,65
CEC,UAPP,113
CEC,ON,96
IND,NP,382
IND,IND,1257
IND,ALP,295
IND,GVIC,146
IND,UAPP,119
IND,ON,139
GVIC,NP,651
GVIC,IND,1439
GVIC,ALP,2964
GVIC,UAPP,369
GVIC,ON,251
ON,NP,1737
ON,IND,1509
ON,ALP,715
ON,UAPP,3426
UAPP,NP,4396
UAPP,IND,6691
UAPP,ALP,2211
CYA,GAP,142
CYA,VNS,33
CYA,ALP,71
CYA,ON,48
CYA,UAPP,45
CYA,LP,54
CYA,GVIC,85
CYA,LDP,112
VNS,GAP,145
VNS,ALP,308
VNS,ON,55
VNS,UAPP,51
VNS,LP,62
VNS,GVIC,1224
VNS,LDP,25
GAP,ALP,581
GAP,ON,482
GAP,UAPP,469
GAP,LP,122
GAP,GVIC,114
GAP,LDP,260
ON,ALP,357
ON,UAPP,1328
ON,LP,351
ON,GVIC,214
ON,LDP,562
LDP,ALP,352
LDP,UAPP,2596
LDP,LP,1147
LDP,GVIC,441
UAPP,ALP,1229
UAPP,LP,5229
UAPP,GVIC,1464
CYA,GVIC,206
CYA,UAPP,271
CYA,ON,623
CYA,LDP,345
CYA,LP,138
CYA,ALP,138
LDP,GVIC,199
LDP,UAPP,726
LDP,ON,895
LDP,LP,887
LDP,ALP,217
UAPP,GVIC,884
UAPP,ON,3573
UAPP,LP,1411
UAPP,ALP,603
ON,GVIC,2647
ON,LP,5909
ON,ALP,1922
ON,UAPP,335
ON,ALP,42
ON,GVIC,35
ON,LP,102
ON,LDP,241
ON,IND,73
ON,AJP,85
ON,VNS,24
IND,UAPP,144
IND,ALP,173
IND,GVIC,269
IND,LP,141
IND,LDP,189
IND,AJP,154
IND,VNS,97
AJP,UAPP,99
AJP,ALP,197
AJP,GVIC,691
AJP,LP,122
AJP,LDP,81
AJP,VNS,365
LDP,UAPP,985
LDP,ALP,165
LDP,GVIC,188
LDP,LP,659
LDP,VNS,110
UAPP,ALP,678
UAPP,GVIC,360
UAPP,LP,1387
UAPP,VNS,847
VNS,ALP,627
VNS,GVIC,3310
VNS,LP,662
CYA,ALP,173
CYA,LDP,277
CYA,ON,163
CYA,LP,126
CYA,GVIC,112
CYA,UAPP,117
ON,ALP,187
ON,LDP,647
ON,LP,315
ON,GVIC,199
ON,UAPP,1127
LDP,ALP,557
LDP,LP,1282
LDP,GVIC,314
LDP,UAPP,2417
UAPP,ALP,1847
UAPP,LP,3910
UAPP,GVIC,1547
CYA,GVIC,58
CYA,LP,68
CYA,IND,112
CYA,ON,199
CYA,ALP,55
CYA,LDP,124
CYA,UAPP,58
LDP,GVIC,105
LDP,LP,757
LDP,IND,342
LDP,ON,1083
LDP,ALP,209
LDP,UAPP,1176
UAPP,GVIC,252
UAPP,LP,905
UAPP,IND,577
UAPP,ON,2956
UAPP,ALP,535
GVIC,LP,1156
GVIC,IND,2906
GVIC,ON,458
GVIC,ALP,5428
ON,LP,4360
ON,IND,6102
ON,ALP,1523
CYA,LDP,42
CYA,NP,19
CYA,ON,81
CYA,ALP,15
CYA,CEC,21
CYA,UAPP,27
CYA,GVIC,18
CYA,SOPA,33
CYA,LP,34
CYA,IND,77
CEC,LDP,43
CEC,NP,38
CEC,ON,85
CEC,ALP,58
CEC,UAPP,52
CEC,GVIC,27
CEC,SOPA,33
CEC,LP,15
CEC,IND,47
SOPA,LDP,35
SOPA,NP,40
SOPA,ON,66
SOPA,ALP,81
SOPA,UAPP,46
SOPA,GVIC,210
SOPA,LP,45
SOPA,IND,196
GVIC,LDP,95
GVIC,NP,181
GVIC,ON,156
GVIC,ALP,1261
GVIC,UAPP,178
GVIC,LP,205
GVIC,IND,1237
LDP,NP,1324
LDP,ON,822
LDP,ALP,259
LDP,UAPP,269
LDP,LP,637
LDP,IND,270
UAPP,NP,629
UAPP,ON,2317
UAPP,ALP,453
UAPP,LP,386
UAPP,IND,608
ON,NP,3755
ON,ALP,924
ON,LP,1563
ON,IND,3504
ALP,NP,3313
ALP,LP,1798
ALP,IND,8910
VNS,GVIC,1213
VNS,ON,151
VNS,LDP,98
VNS,ALP,423
VNS,UAPP,279
VNS,LP,305
LDP,GVIC,289
LDP,ON,1019
LDP,ALP,545
LDP,UAPP,678
LDP,LP,989
ON,GVIC,1005
ON,ALP,954
ON,UAPP,4345
ON,LP,773
GVIC,ALP,9198
GVIC,UAPP,1994
GVIC,LP,1268
LDP,IND,168
LDP,LP,432
LDP,ON,378
LDP,GVIC,71
LDP,IND,195
LDP,UAPP,546
LDP,ALP,183
IND,LP,638
IND,ON,454
IND,GVIC,150
IND,IND,736
IND,UAPP,382
IND,ALP,154
ON,LP,818
ON,GVIC,243
ON,IND,923
ON,UAPP,1838
ON,ALP,285
UAPP,LP,2486
UAPP,GVIC,330
UAPP,IND,2448
UAPP,ALP,810
GVIC,LP,773
GVIC,IND,4073
GVIC,ALP,2392
CYA,LP,102
CYA,ON,253
CYA,VNS,82
CYA,SAL,72
CYA,UAPP,137
CYA,ALP,69
CYA,AJP,47
CYA,GVIC,27
AJP,LP,122
AJP,ON,108
AJP,VNS,151
AJP,SAL,165
AJP,UAPP,117
AJP,ALP,329
AJP,GVIC,735
ON,LP,418
ON,VNS,212
ON,SAL,150
ON,UAPP,1810
ON,ALP,208
ON,GVIC,117
VNS,LP,170
VNS,SAL,1705
VNS,UAPP,126
VNS,ALP,266
VNS,GVIC,892
SAL,LP,248
SAL,UAPP,517
SAL,ALP,938
SAL,GVIC,3485
UAPP,LP,3007
UAPP,ALP,1607
UAPP,GVIC,1445
CYA,ALP,92
CYA,LP,69
CYA,UAPP,73
CYA,GRN,41
CYA,AUC,42
CYA,WAP,64
CYA,LDP,35
CYA,GAP,129
CYA,ON,53
LDP,ALP,146
LDP,LP,268
LDP,UAPP,125
LDP,GRN,75
LDP,AUC,49
LDP,WAP,116
LDP,GAP,114
LDP,ON,216
GAP,ALP,85
GAP,LP,36
GAP,UAPP,368
GAP,GRN,69
GAP,AUC,146
GAP,WAP,297
GAP,ON,732
AUC,ALP,252
AUC,LP,667
AUC,UAPP,547
AUC,GRN,168
AUC,WAP,242
AUC,ON,451
WAP,ALP,856
WAP,LP,522
WAP,UAPP,401
WAP,GRN,690
WAP,ON,842
UAPP,ALP,459
UAPP,LP,836
UAPP,GRN,451
UAPP,ON,2479
ON,ALP,2201
ON,LP,3742
ON,GRN,3969
CYA,ON,817
CYA,UAPP,255
CYA,GRN,125
CYA,WAP,190
CYA,LP,72
CYA,AUC,150
CYA,ALP,132
UAPP,ON,1254
UAPP,GRN,274
UAPP,WAP,356
UAPP,LP,219
UAPP,AUC,268
UAPP,ALP,158
WAP,ON,724
WAP,GRN,651
WAP,LP,524
WAP,AUC,337
WAP,ALP,700
AUC,ON,1109
AUC,GRN,314
AUC,LP,2119
AUC,ALP,641
ON,GRN,3542
ON,LP,3229
ON,ALP,1569
CYA,LP,25
CYA,ALP,26
CYA,ON,100
CYA,UAPP,66
CYA,WAP,67
CYA,IMO,222
CYA,GRN,25
CYA,IND,46
CYA,AUC,19
CYA,LDP,32
LDP,LP,173
LDP,ALP,38
LDP,ON,125
LDP,UAPP,98
LDP,WAP,69
LDP,IMO,54
LDP,GRN,43
LDP,IND,69
LDP,AUC,112
IMO,LP,41
IMO,ALP,58
IMO,ON,218
IMO,UAPP,149
IMO,WAP,142
IMO,GRN,96
IMO,IND,248
IMO,AUC,109
AUC,LP,1148
AUC,ALP,75
AUC,ON,246
AUC,UAPP,94
AUC,WAP,92
AUC,GRN,61
AUC,IND,213
IND,LP,176
IND,ALP,161
IND,ON,433
IND,UAPP,582
IND,WAP,512
IND,GRN,420
WAP,LP,607
WAP,ALP,617
WAP,ON,722
WAP,UAPP,546
WAP,GRN,592
UAPP,LP,396
UAPP,ALP,228
UAPP,ON,2898
UAPP,GRN,451
ON,LP,3577
ON,ALP,1689
ON,GRN,3691
LDP,ALP,175
LDP,GRN,63
LDP,AUC,40
LDP,CYA,69
LDP,ON,180
LDP,WAP,150
LDP,UAPP,107
LDP,LP,260
LDP,AJP,36
CYA,ALP,89
CYA,GRN,62
CYA,AUC,230
CYA,ON,323
CYA,WAP,147
CYA,UAPP,193
CYA,LP,72
CYA,AJP,78
AJP,ALP,308
AJP,GRN,597
AJP,AUC,97
AJP,ON,144
AJP,WAP,355
AJP,UAPP,133
AJP,LP,255
AUC,ALP,286
AUC,GRN,243
AUC,ON,446
AUC,WAP,199
AUC,UAPP,208
AUC,LP,844
WAP,ALP,582
WAP,GRN,514
WAP,ON,495
WAP,UAPP,473
WAP,LP,501
UAPP,ALP,324
UAPP,GRN,466
UAPP,ON,2102
UAPP,LP,645
ON,ALP,1014
ON,GRN,2487
ON,LP,3028
CYA,UAPP,197
CYA,WAP,113
CYA,LP,52
CYA,ON,294
CYA,IND,68
CYA,ALP,13
CYA,GRN,26
WAP,UAPP,199
WAP,LP,390
WAP,ON,134
WAP,IND,320
WAP,ALP,186
WAP,GRN,127
ON,UAPP,1093
ON,LP,232
ON,IND,249
ON,ALP,83
ON,GRN,81
UAPP,LP,1509
UAPP,IND,1335
UAPP,ALP,211
UAPP,GRN,262
GRN,LP,870
GRN,IND,5978
GRN,ALP,4537
CYA,LP,567
CYA,GAP,419
CYA,WAP,126
CYA,ALP,69
CYA,ON,92
CYA,NP,54
CYA,GRN,36
CYA,UAPP,90
UAPP,LP,223
UAPP,GAP,294
UAPP,WAP,194
UAPP,ALP,121
UAPP,ON,994
UAPP,NP,206
UAPP,GRN,287
WAP,LP,449
WAP,GAP,694
WAP,ALP,541
WAP,ON,450
WAP,NP,329
WAP,GRN,340
GAP,LP,449
GAP,ALP,425
GAP,ON,2531
GAP,NP,388
GAP,GRN,352
GRN,LP,1144
GRN,ALP,5656
GRN,ON,842
GRN,NP,1830
ON,LP,2459
ON,ALP,1618
ON,NP,7006
CYA,UAPP,129
CYA,LDP,75
CYA,GRN,135
CYA,WAP,131
CYA,GAP,447
CYA,ALP,41
CYA,ON,140
CYA,LP,54
LDP,UAPP,336
LDP,GRN,203
LDP,WAP,188
LDP,GAP,119
LDP,ALP,137
LDP,ON,212
LDP,LP,457
WAP,UAPP,281
WAP,GRN,439
WAP,GAP,618
WAP,ALP,424
WAP,ON,293
WAP,LP,394
UAPP,GRN,871
UAPP,GAP,692
UAPP,ALP,177
UAPP,ON,1127
UAPP,LP,305
GAP,GRN,671
GAP,ALP,454
GAP,ON,3314
GAP,LP,344
ON,GRN,3251
ON,ALP,1870
ON,LP,4985
SAL,GAP,87
SAL,CYA,58
SAL,ALP,222
SAL,UAPP,17
SAL,LP,17
SAL,GRN,707
SAL,LDP,12
SAL,WAP,46
SAL,ON,18
LDP,GAP,64
LDP,CYA,85
LDP,ALP,164
LDP,UAPP,147
LDP,LP,324
LDP,GRN,143
LDP,WAP,171
LDP,ON,165
CYA,GAP,665
CYA,ALP,156
CYA,UAPP,140
CYA,LP,96
CYA,GRN,160
CYA,WAP,129
CYA,ON,164
UAPP,GAP,313
UAPP,ALP,186
UAPP,LP,250
UAPP,GRN,168
UAPP,WAP,204
UAPP,ON,1183
WAP,GAP,607
WAP,ALP,610
WAP,LP,465
WAP,GRN,566
WAP,ON,550
GAP,ALP,1076
GAP,LP,549
GAP,GRN,560
GAP,ON,1844
ON,ALP,1316
ON,LP,3213
ON,GRN,2455
LDP,IND,93
LDP,GRN,53
LDP,UAPP,175
LDP,WAP,95
LDP,ON,200
LDP,LP,315
LDP,CYA,124
LDP,ALP,225
CYA,IND,209
CYA,GRN,200
CYA,UAPP,309
CYA,WAP,219
CYA,ON,517
CYA,LP,166
CYA,ALP,243
WAP,IND,633
WAP,GRN,409
WAP,UAPP,318
WAP,ON,425
WAP,LP,523
WAP,ALP,567
UAPP,IND,519
UAPP,GRN,401
UAPP,ON,2231
UAPP,LP,395
UAPP,ALP,229
IND,GRN,2303
IND,ON,1137
IND,LP,540
IND,ALP,792
ON,GRN,3115
ON,LP,3662
ON,ALP,1516
CYA,GAP,257
CYA,WAP,96
CYA,ALP,19
CYA,GRN,40
CYA,LP,66
CYA,ON,144
CYA,UAPP,170
GAP,WAP,808
GAP,ALP,135
GAP,GRN,108
GAP,LP,112
GAP,ON,600
GAP,UAPP,420
UAPP,WAP,456
UAPP,ALP,114
UAPP,GRN,192
UAPP,LP,295
UAPP,ON,1875
WAP,ALP,1412
WAP,GRN,961
WAP,LP,1029
WAP,ON,1053
ON,ALP,1137
ON,GRN,2332
ON,LP,3744
CYA,ON,166
CYA,ALP,78
CYA,GRN,134
CYA,WAP,163
CYA,AUC,101
CYA,UAPP,97
CYA,GAP,542
CYA,LP,67
UAPP,ON,782
UAPP,ALP,104
UAPP,GRN,85
UAPP,WAP,139
UAPP,AUC,123
UAPP,GAP,381
UAPP,LP,205
WAP,ON,448
WAP,ALP,417
WAP,GRN,456
WAP,AUC,222
WAP,GAP,629
WAP,LP,496
AUC,ON,681
AUC,ALP,219
AUC,GRN,170
AUC,GAP,508
AUC,LP,1647
GAP,ON,2813
GAP,ALP,298
GAP,GRN,609
GAP,LP,677
ON,ALP,3231
ON,GRN,3478
ON,LP,5014
CYA,GAP,188
CYA,GRN,47
CYA,LDP,37
CYA,ALP,27
CYA,UAPP,36
CYA,WAP,65
CYA,ON,117
CYA,LP,51
CYA,AUC,116
LDP,GAP,134
LDP,GRN,199
LDP,ALP,287
LDP,UAPP,146
LDP,WAP,151
LDP,ON,190
LDP,LP,428
LDP,AUC,50
AUC,GAP,105
AUC,GRN,131
AUC,ALP,177
AUC,UAPP,158
AUC,WAP,172
AUC,ON,459
AUC,LP,1061
GAP,GRN,761
GAP,ALP,162
GAP,UAPP,552
GAP,WAP,368
GAP,ON,687
GAP,LP,57
WAP,GRN,659
WAP,ALP,634
WAP,UAPP,440
WAP,ON,667
WAP,LP,562
UAPP,GRN,518
UAPP,ALP,383
UAPP,ON,2574
UAPP,LP,391
ON,GRN,3203
ON,ALP,1577
ON,LP,4209
GAP,ON,131
GAP,AUC,65
GAP,WAP,109
GAP,AJP,36
GAP,ALP,35
GAP,LDP,19
GAP,UAPP,91
GAP,GRN,15
GAP,LP,23
GAP,CYA,178
CYA,ON,152
CYA,AUC,75
CYA,WAP,74
CYA,AJP,71
CYA,ALP,38
CYA,LDP,198
CYA,UAPP,125
CYA,GRN,71
CYA,LP,84
LDP,ON,217
LDP,AUC,143
LDP,WAP,127
LDP,AJP,69
LDP,ALP,258
LDP,UAPP,204
LDP,GRN,145
LDP,LP,461
AJP,ON,131
AJP,AUC,72
AJP,WAP,349
AJP,ALP,281
AJP,UAPP,88
AJP,GRN,672
AJP,LP,118
AUC,ON,476
AUC,WAP,260
AUC,ALP,187
AUC,UAPP,292
AUC,GRN,113
AUC,LP,541
UAPP,ON,1324
UAPP,WAP,471
UAPP,ALP,138
UAPP,GRN,252
UAPP,LP,220
WAP,ON,909
WAP,ALP,887
WAP,GRN,674
WAP,LP,798
ON,ALP,1669
ON,GRN,1871
ON,LP,2549
CYA,UAPP,104
CYA,LDP,135
CYA,AJP,59
CYA,ALP,64
CYA,WAP,119
CYA,ON,152
CYA,LP,22
CYA,GRN,32
CYA,AUC,105
LDP,UAPP,301
LDP,AJP,198
LDP,ALP,294
LDP,WAP,228
LDP,ON,248
LDP,LP,523
LDP,GRN,107
LDP,AUC,57
AUC,UAPP,441
AUC,AJP,96
AUC,ALP,205
AUC,WAP,148
AUC,ON,323
AUC,LP,645
AUC,GRN,234
WAP,UAPP,241
WAP,AJP,426
WAP,ALP,550
WAP,ON,423
WAP,LP,558
WAP,GRN,356
AJP,UAPP,430
AJP,ALP,714
AJP,ON,343
AJP,LP,312
AJP,GRN,1194
ON,UAPP,2242
ON,ALP,489
ON,LP,743
ON,GRN,559
UAPP,ALP,1776
UAPP,LP,2782
UAPP,GRN,1838
CYA,ON,185
CYA,WAP,129
CYA,AUC,114
CYA,UAPP,125
CYA,ALP,83
CYA,LP,101
CYA,LDP,212
CYA,GRN,79
LDP,ON,249
LDP,WAP,155
LDP,AUC,80
LDP,UAPP,231
LDP,ALP,109
LDP,LP,336
LDP,GRN,162
UAPP,ON,1146
UAPP,WAP,254
UAPP,AUC,199
UAPP,ALP,126
UAPP,LP,216
UAPP,GRN,136
WAP,ON,568
WAP,AUC,330
WAP,ALP,665
WAP,LP,594
WAP,GRN,477
AUC,ON,953
AUC,ALP,445
AUC,LP,1545
AUC,GRN,261
ON,ALP,1286
ON,LP,2572
ON,GRN,1531
