Eliminated Party,Pref to,Number
UAPP,UAPP,1395
UAPP,ALP,285
UAPP,IND,425
UAPP,GRN,109
UAPP,LP,466
IND,ALP,983
IND,IND,1613
IND,GRN,262
IND,LP,1368
GRN,ALP,3392
GRN,GRN,3981
GRN,LP,2688
UAPP,UAPP,859
UAPP,IND,205
UAPP,LP,303
UAPP,GRN,66
UAPP,ALP,98
IND,IND,1299
IND,LP,845
IND,GRN,169
IND,ALP,233
LP,LP,2140
LP,GRN,2393
LP,ALP,1743
UAPP,ALP,255
UAPP,LP,688
UAPP,UAPP,238
UAPP,ON,273
UAPP,GRN,252
ON,ALP,351
ON,LP,481
ON,ON,1434
ON,GRN,318
GRN,ALP,823
GRN,LP,2228
GRN,GRN,1075
LDP,LP,132
LDP,LDP,147
LDP,UAPP,118
LDP,GRN,231
LDP,ON,114
LDP,ALP,219
ON,LP,444
ON,UAPP,558
ON,GRN,92
ON,ON,201
ON,ALP,116
UAPP,LP,522
UAPP,UAPP,1806
UAPP,GRN,249
UAPP,ALP,366
GRN,LP,3958
GRN,GRN,1683
GRN,ALP,1889
UAPP,ALP,412
UAPP,UAPP,2850
UAPP,GRN,314
UAPP,LP,797
GRN,ALP,2154
GRN,GRN,1933
GRN,LP,4374
LDP,SOPA,202
LDP,GRN,260
LDP,LDP,73
LDP,LP,233
LDP,UAPP,82
LDP,ON,47
LDP,ALP,311
ON,SOPA,82
ON,GRN,188
ON,LP,671
ON,UAPP,181
ON,ON,320
ON,ALP,170
SOPA,SOPA,166
SOPA,GRN,111
SOPA,LP,361
SOPA,UAPP,1225
SOPA,ALP,168
UAPP,GRN,1614
UAPP,LP,278
UAPP,UAPP,283
UAPP,ALP,400
GRN,GRN,1094
GRN,LP,2767
GRN,ALP,825
IND,LDP,60
IND,GRN,29
IND,ON,90
IND,LP,96
IND,SOPA,20
IND,ALP,30
IND,IND,33
IND,UAPP,108
IND,IND,43
SOPA,LDP,18
SOPA,GRN,54
SOPA,ON,19
SOPA,LP,71
SOPA,SOPA,24
SOPA,ALP,73
SOPA,UAPP,51
SOPA,IND,627
LDP,LDP,63
LDP,GRN,626
LDP,ON,50
LDP,LP,158
LDP,ALP,235
LDP,UAPP,47
LDP,IND,283
UAPP,GRN,536
UAPP,ON,311
UAPP,LP,1091
UAPP,ALP,148
UAPP,UAPP,236
UAPP,IND,126
IND,GRN,149
IND,ON,1586
IND,LP,449
IND,ALP,171
IND,IND,402
ON,GRN,1044
ON,ON,480
ON,LP,788
ON,ALP,971
GRN,GRN,998
GRN,LP,3179
GRN,ALP,1331
GRN,LP,1700
GRN,GRN,415
GRN,ALP,420
GRN,UAPP,1886
UAPP,LP,986
UAPP,ALP,3840
UAPP,UAPP,776
IND,IND,106
IND,ALP,52
IND,GRN,45
IND,IND,73
IND,UAPP,896
IND,LP,396
UAPP,IND,1840
UAPP,ALP,352
UAPP,GRN,475
UAPP,UAPP,120
UAPP,LP,304
GRN,IND,1049
GRN,ALP,346
GRN,GRN,287
GRN,LP,1830
ALP,IND,4592
ALP,ALP,4199
ALP,LP,976
GRN,IND,622
GRN,ON,2055
GRN,GRN,153
GRN,ALP,311
GRN,NP,926
ON,IND,2283
ON,ON,332
ON,ALP,1886
ON,NP,543
ALP,IND,4393
ALP,ALP,1446
ALP,NP,5605
LDP,ON,281
LDP,UAPP,307
LDP,LDP,187
LDP,GRN,310
LDP,LP,294
LDP,ALP,460
UAPP,ON,478
UAPP,UAPP,409
UAPP,GRN,400
UAPP,LP,1501
UAPP,ALP,662
GRN,ON,3414
GRN,GRN,718
GRN,LP,760
GRN,ALP,973
ON,ON,972
ON,LP,1551
ON,ALP,4527
ON,ON,2767
ON,GRN,478
ON,LP,699
ON,ALP,437
GRN,GRN,2217
GRN,LP,3136
GRN,ALP,2399
LDP,ON,1169
LDP,ALP,156
LDP,NP,283
LDP,IND,353
LDP,LDP,462
LDP,GRN,251
GRN,ON,1461
GRN,ALP,400
GRN,NP,1764
GRN,IND,799
GRN,GRN,354
ON,ON,495
ON,ALP,2268
ON,NP,631
ON,IND,3729
ALP,ALP,2469
ALP,NP,5482
ALP,IND,4221
LDP,LP,92
LDP,UAPP,242
LDP,ALP,183
LDP,GRN,292
LDP,LDP,116
LDP,ON,173
UAPP,LP,928
UAPP,UAPP,460
UAPP,ALP,264
UAPP,GRN,252
UAPP,ON,419
ON,LP,969
ON,ALP,838
ON,GRN,596
ON,ON,3235
GRN,LP,4841
GRN,ALP,1925
GRN,GRN,2279
SOPA,SOPA,77
SOPA,UAPP,189
SOPA,LP,520
SOPA,GRN,87
SOPA,ON,387
SOPA,ALP,283
UAPP,UAPP,667
UAPP,LP,253
UAPP,GRN,773
UAPP,ON,211
UAPP,ALP,375
GRN,LP,1185
GRN,GRN,594
GRN,ON,2351
GRN,ALP,544
ON,LP,1293
ON,ON,1256
ON,ALP,7605
IMO,SPP,102
IMO,LDP,60
IMO,ALP,168
IMO,UAPP,50
IMO,LP,75
IMO,GRN,113
IMO,IMO,18
IMO,IND,46
IMO,ON,19
IND,SPP,205
IND,LDP,93
IND,ALP,64
IND,UAPP,120
IND,LP,41
IND,GRN,61
IND,IND,198
IND,ON,145
UAPP,SPP,410
UAPP,LDP,206
UAPP,ALP,370
UAPP,UAPP,228
UAPP,LP,239
UAPP,GRN,314
UAPP,ON,521
SPP,SPP,321
SPP,LDP,620
SPP,ALP,284
SPP,LP,356
SPP,GRN,124
SPP,ON,1259
LDP,LDP,853
LDP,ALP,785
LDP,LP,270
LDP,GRN,836
LDP,ON,554
ON,ALP,1155
ON,LP,1697
ON,GRN,237
ON,ON,1368
GRN,ALP,2260
GRN,LP,4119
GRN,GRN,1838
IND,GRN,73
IND,LP,384
IND,IND,125
IND,ASP,231
IND,ON,453
IND,UAPP,249
IND,ALP,80
UAPP,GRN,699
UAPP,LP,678
UAPP,ASP,754
UAPP,ON,375
UAPP,UAPP,238
UAPP,ALP,570
ASP,GRN,238
ASP,LP,530
ASP,ASP,689
ASP,ON,1914
ASP,ALP,386
GRN,GRN,799
GRN,LP,1971
GRN,ON,3003
GRN,ALP,1240
ON,LP,2914
ON,ON,1247
ON,ALP,6811
ON,ALP,412
ON,UAPP,271
ON,IND,357
ON,LP,839
ON,ON,143
ON,GRN,72
GRN,ALP,324
GRN,UAPP,1497
GRN,IND,642
GRN,LP,374
GRN,GRN,353
UAPP,ALP,2422
UAPP,UAPP,428
UAPP,IND,1144
UAPP,LP,622
LP,ALP,1853
LP,IND,4377
LP,LP,1478
UAPP,LP,255
UAPP,IND,91
UAPP,GRN,47
UAPP,UAPP,132
UAPP,ON,242
UAPP,ALP,123
IND,LP,440
IND,IND,745
IND,GRN,213
IND,ON,1553
IND,ALP,289
ON,LP,1029
ON,GRN,1212
ON,ON,2333
ON,ALP,983
GRN,LP,3825
GRN,GRN,2430
GRN,ALP,2326
SOPA,UAPP,21
SOPA,ALP,177
SOPA,LP,79
SOPA,SOPA,110
SOPA,IND,110
SOPA,ON,64
SOPA,GRN,587
ON,UAPP,44
ON,ALP,262
ON,LP,90
ON,IND,312
ON,ON,39
ON,GRN,585
IND,UAPP,831
IND,ALP,117
IND,LP,260
IND,IND,244
IND,GRN,100
UAPP,UAPP,373
UAPP,ALP,650
UAPP,LP,444
UAPP,GRN,1172
LP,ALP,744
LP,LP,1782
LP,GRN,844
ON,UAPP,75
ON,ALP,474
ON,LDP,72
ON,IND,442
ON,ON,47
ON,LP,397
ON,GRN,108
LDP,UAPP,973
LDP,ALP,389
LDP,LDP,258
LDP,IND,408
LDP,LP,512
LDP,GRN,217
IND,UAPP,496
IND,ALP,728
IND,IND,579
IND,LP,1410
IND,GRN,131
GRN,UAPP,2532
GRN,ALP,892
GRN,LP,746
GRN,GRN,531
UAPP,UAPP,1019
UAPP,ALP,5864
UAPP,LP,1190
IND,LP,517
IND,GRN,108
IND,IND,256
IND,UAPP,1162
IND,IND,343
IND,ALP,214
GRN,LP,477
GRN,GRN,337
GRN,IND,1761
GRN,UAPP,225
GRN,ALP,681
UAPP,LP,640
UAPP,IND,2622
UAPP,UAPP,290
UAPP,ALP,3011
IND,LP,4172
IND,IND,3162
IND,ALP,1529
IND,ALP,44
IND,UAPP,114
IND,ON,144
IND,IND,15
IND,ASP,76
IND,GRN,21
IND,LP,239
IND,IND,117
ASP,ALP,144
ASP,UAPP,48
ASP,ON,88
ASP,ASP,100
ASP,GRN,160
ASP,LP,78
ASP,IND,521
UAPP,ALP,412
UAPP,UAPP,434
UAPP,ON,953
UAPP,GRN,284
UAPP,LP,568
UAPP,IND,633
GRN,ALP,574
GRN,ON,2724
GRN,GRN,257
GRN,LP,1282
GRN,IND,539
ON,ALP,2467
ON,ON,454
ON,LP,658
ON,IND,2337
IND,ALP,2486
IND,LP,3653
IND,IND,5924
IND,GRN,128
IND,ALP,95
IND,AJP,213
IND,IND,414
IND,UAPP,201
IND,NP,97
IND,ON,216
IND,IND,94
AJP,GRN,164
AJP,ALP,149
AJP,AJP,107
AJP,IND,861
AJP,UAPP,117
AJP,NP,259
AJP,ON,366
UAPP,GRN,888
UAPP,ALP,495
UAPP,IND,566
UAPP,UAPP,233
UAPP,NP,254
UAPP,ON,353
IND,GRN,300
IND,ALP,501
IND,IND,1165
IND,NP,864
IND,ON,2091
GRN,GRN,1164
GRN,ALP,1592
GRN,NP,2024
GRN,ON,4352
ON,ALP,8992
ON,NP,2062
ON,ON,1152
UAPP,GRN,313
UAPP,UAPP,1961
UAPP,LP,477
UAPP,ALP,300
GRN,GRN,1407
GRN,LP,2920
GRN,ALP,1022
IMO,ALP,166
IMO,GRN,73
IMO,ON,219
IMO,UAPP,431
IMO,LP,558
IMO,IMO,180
UAPP,ALP,276
UAPP,GRN,287
UAPP,ON,549
UAPP,UAPP,660
UAPP,LP,483
GRN,ALP,651
GRN,GRN,525
GRN,ON,3277
GRN,LP,910
ON,ALP,6699
ON,ON,1208
ON,LP,1382
UAPP,UAPP,678
UAPP,NP,494
UAPP,ALP,431
UAPP,IND,1590
UAPP,LDP,107
UAPP,ON,196
UAPP,GRN,324
IND,NP,1263
IND,ALP,393
IND,IND,596
IND,LDP,1015
IND,ON,1609
IND,GRN,223
LDP,NP,1929
LDP,ALP,1649
LDP,LDP,1079
LDP,ON,1633
LDP,GRN,1470
GRN,NP,3690
GRN,ALP,920
GRN,ON,3705
GRN,GRN,710
ON,NP,2195
ON,ALP,7417
ON,ON,1537
UAPP,GRN,195
UAPP,LP,882
UAPP,ALP,372
UAPP,UAPP,278
UAPP,ON,470
GRN,GRN,688
GRN,LP,905
GRN,ALP,1264
GRN,ON,4023
ON,LP,2335
ON,ALP,5977
ON,ON,1155
ON,ON,225
ON,IND,155
ON,ALP,47
ON,LP,44
ON,UAPP,34
ON,GRN,70
UAPP,IND,516
UAPP,ALP,160
UAPP,LP,433
UAPP,UAPP,1645
UAPP,GRN,95
GRN,IND,1426
GRN,ALP,576
GRN,LP,2105
GRN,GRN,453
ALP,IND,3870
ALP,ALP,1957
ALP,LP,823
IMO,ON,255
IMO,ALP,138
IMO,UAPP,231
IMO,AJP,88
IMO,GRN,57
IMO,IMO,83
IMO,LP,420
AJP,ON,385
AJP,ALP,91
AJP,UAPP,473
AJP,AJP,216
AJP,GRN,120
AJP,LP,116
UAPP,ON,287
UAPP,ALP,650
UAPP,UAPP,265
UAPP,GRN,879
UAPP,LP,236
ON,ON,2339
ON,ALP,437
ON,GRN,282
ON,LP,685
GRN,ALP,2509
GRN,GRN,1548
GRN,LP,4164
GRN,ALP,367
GRN,UAPP,490
GRN,ON,722
GRN,LP,929
GRN,GRN,314
ON,ALP,3478
ON,UAPP,559
ON,ON,359
ON,LP,840
UAPP,ALP,1002
UAPP,UAPP,3476
UAPP,LP,1215
LDP,LDP,716
LDP,UAPP,1393
LDP,GRN,222
LDP,ALP,234
LDP,LP,693
UAPP,UAPP,1694
UAPP,GRN,459
UAPP,ALP,530
UAPP,LP,1741
GRN,GRN,2065
GRN,ALP,1797
GRN,LP,3141
IND,LDP,287
IND,IND,382
IND,NP,442
IND,IND,260
IND,ON,878
IND,GRN,116
IND,ALP,180
LDP,LDP,268
LDP,NP,385
LDP,IND,1653
LDP,ON,184
LDP,GRN,286
LDP,ALP,314
ON,NP,1893
ON,IND,751
ON,ON,538
ON,GRN,177
ON,ALP,370
GRN,NP,2174
GRN,IND,2714
GRN,GRN,573
GRN,ALP,709
IND,NP,876
IND,IND,1940
IND,ALP,5861
IMO,GRN,433
IMO,UAPP,168
IMO,ALP,117
IMO,IMO,119
IMO,LP,90
IMO,ON,92
IMO,AJP,83
UAPP,GRN,161
UAPP,UAPP,193
UAPP,ALP,115
UAPP,LP,110
UAPP,ON,397
UAPP,AJP,283
AJP,GRN,359
AJP,ALP,412
AJP,LP,366
AJP,ON,1479
AJP,AJP,262
ON,GRN,1549
ON,ALP,566
ON,LP,371
ON,ON,691
GRN,GRN,1935
GRN,ALP,1588
GRN,LP,3893
TNL,SPP,60
TNL,UAPP,70
TNL,GRN,43
TNL,TNL,36
TNL,LDP,81
TNL,LP,41
TNL,IND,49
TNL,ON,88
TNL,ALP,23
ON,SPP,71
ON,UAPP,15
ON,GRN,185
ON,LDP,53
ON,LP,144
ON,IND,304
ON,ON,11
ON,ALP,139
SPP,SPP,86
SPP,UAPP,542
SPP,GRN,34
SPP,LDP,221
SPP,LP,209
SPP,IND,100
SPP,ALP,56
LDP,UAPP,359
LDP,GRN,387
LDP,LDP,83
LDP,LP,123
LDP,IND,275
LDP,ALP,153
UAPP,UAPP,579
UAPP,GRN,75
UAPP,LP,640
UAPP,IND,160
UAPP,ALP,107
GRN,GRN,544
GRN,LP,1210
GRN,IND,1159
GRN,ALP,382
ALP,LP,1256
ALP,IND,4428
ALP,ALP,3892
CYA,LDP,14
CYA,ON,11
CYA,GRN,25
CYA,CYA,8
CYA,ALP,17
CYA,IAP,17
CYA,UAPP,12
CYA,NP,27
CYA,IND,112
IAP,LDP,295
IAP,ON,148
IAP,GRN,59
IAP,ALP,44
IAP,IAP,70
IAP,UAPP,52
IAP,NP,59
IAP,IND,97
UAPP,LDP,91
UAPP,ON,160
UAPP,GRN,395
UAPP,ALP,285
UAPP,UAPP,129
UAPP,NP,268
UAPP,IND,492
LDP,LDP,528
LDP,ON,1008
LDP,GRN,118
LDP,ALP,165
LDP,NP,468
LDP,IND,337
ON,ON,2163
ON,GRN,306
ON,ALP,325
ON,NP,1560
ON,IND,470
GRN,GRN,1025
GRN,ALP,1141
GRN,NP,3626
GRN,IND,3319
IND,ALP,4636
IND,NP,1070
IND,IND,5085
IND,IAP,167
IND,LDP,360
IND,ON,217
IND,NP,118
IND,UAPP,148
IND,IND,159
IND,ALP,144
IND,GRN,199
UAPP,IAP,350
UAPP,LDP,198
UAPP,ON,313
UAPP,NP,445
UAPP,UAPP,239
UAPP,ALP,518
UAPP,GRN,287
GRN,IAP,322
GRN,LDP,400
GRN,ON,1129
GRN,NP,505
GRN,ALP,260
GRN,GRN,143
IAP,IAP,1401
IAP,LDP,221
IAP,ON,302
IAP,NP,649
IAP,ALP,2270
LDP,LDP,1613
LDP,ON,1339
LDP,NP,1334
LDP,ALP,2420
ON,ON,3877
ON,NP,3428
ON,ALP,1210
ON,AJP,51
ON,LP,491
ON,ON,160
ON,UAPP,289
ON,GRN,77
ON,ALP,145
ON,IND,97
AJP,AJP,209
AJP,LP,427
AJP,UAPP,990
AJP,GRN,103
AJP,ALP,160
AJP,IND,282
IND,LP,992
IND,UAPP,314
IND,GRN,603
IND,ALP,405
IND,IND,343
UAPP,LP,1127
UAPP,UAPP,827
UAPP,GRN,756
UAPP,ALP,994
GRN,LP,3514
GRN,GRN,1651
GRN,ALP,1524
IMO,ON,285
IMO,LP,484
IMO,ALP,195
IMO,IMO,125
IMO,GRN,152
IMO,UAPP,380
UAPP,ON,580
UAPP,LP,176
UAPP,ALP,315
UAPP,GRN,341
UAPP,UAPP,596
GRN,ON,3552
GRN,LP,590
GRN,ALP,555
GRN,GRN,753
ON,ON,1316
ON,LP,1144
ON,ALP,7463
LDP,ALP,362
LDP,ON,73
LDP,IND,229
LDP,LDP,43
LDP,LP,79
LDP,UAPP,49
LDP,GRN,718
ON,ALP,236
ON,ON,215
ON,IND,185
ON,LP,779
ON,UAPP,371
ON,GRN,81
IND,ALP,215
IND,IND,458
IND,LP,377
IND,UAPP,1159
IND,GRN,76
UAPP,ALP,1055
UAPP,LP,1068
UAPP,UAPP,980
UAPP,GRN,763
GRN,ALP,1487
GRN,LP,2386
GRN,GRN,1216
IMO,IND,903
IMO,IMO,101
IMO,IND,94
IMO,LDP,38
IMO,ALP,30
IMO,NP,31
IMO,ON,23
IMO,GRN,30
IMO,UAPP,24
UAPP,IND,416
UAPP,IND,991
UAPP,LDP,217
UAPP,ALP,75
UAPP,NP,41
UAPP,ON,263
UAPP,GRN,193
UAPP,UAPP,176
IND,IND,225
IND,IND,157
IND,LDP,523
IND,ALP,178
IND,NP,257
IND,ON,1451
IND,GRN,331
IND,IND,2343
IND,LDP,210
IND,ALP,294
IND,NP,219
IND,ON,126
IND,GRN,326
ON,LDP,2465
ON,ALP,568
ON,NP,479
ON,ON,1148
ON,GRN,1266
LDP,LDP,2965
LDP,ALP,824
LDP,NP,2052
LDP,GRN,1243
GRN,ALP,2677
GRN,NP,9175
GRN,GRN,2247
IND,ON,985
IND,ALP,269
IND,ASP,361
IND,NP,383
IND,IND,179
IND,LDP,320
IND,GRN,88
GRN,ON,534
GRN,ALP,457
GRN,ASP,507
GRN,NP,481
GRN,LDP,401
GRN,GRN,500
ASP,ON,426
ASP,ALP,4304
ASP,ASP,673
ASP,NP,847
ASP,LDP,687
LDP,ON,2607
LDP,ALP,1643
LDP,NP,2463
LDP,LDP,1108
ON,ON,3119
ON,ALP,1596
ON,NP,4364
CEC,AJP,12
CEC,ALP,13
CEC,CEC,20
CEC,LP,13
CEC,UAPP,16
CEC,LDP,14
CEC,IAP,12
CEC,ON,53
CEC,IMO,38
CEC,GRN,29
LDP,AJP,47
LDP,ALP,42
LDP,LP,44
LDP,UAPP,32
LDP,LDP,25
LDP,IAP,33
LDP,ON,27
LDP,IMO,20
LDP,GRN,22
IAP,AJP,26
IAP,ALP,59
IAP,LP,254
IAP,UAPP,153
IAP,IAP,38
IAP,ON,158
IAP,IMO,52
IAP,GRN,35
IMO,AJP,226
IMO,ALP,237
IMO,LP,111
IMO,UAPP,68
IMO,ON,106
IMO,IMO,131
IMO,GRN,331
AJP,AJP,201
AJP,ALP,95
AJP,LP,74
AJP,UAPP,414
AJP,ON,399
AJP,GRN,172
UAPP,ALP,828
UAPP,LP,294
UAPP,UAPP,303
UAPP,ON,274
UAPP,GRN,762
ON,ALP,322
ON,LP,909
ON,ON,2165
ON,GRN,382
GRN,ALP,1676
GRN,LP,3170
GRN,GRN,2015
LDP,AJP,496
LDP,LDP,324
LDP,LP,325
LDP,ALP,501
LDP,UAPP,187
LDP,GRN,410
LDP,ON,311
AJP,AJP,270
AJP,LP,1444
AJP,ALP,313
AJP,UAPP,696
AJP,GRN,143
AJP,ON,442
UAPP,LP,1032
UAPP,ALP,783
UAPP,UAPP,403
UAPP,GRN,1054
UAPP,ON,473
ON,LP,742
ON,ALP,478
ON,GRN,526
ON,ON,2665
GRN,LP,5281
GRN,ALP,2222
GRN,GRN,2785
SAL,SAL,106
SAL,ALP,269
SAL,ON,74
SAL,GRN,275
SAL,UAPP,130
SAL,LP,148
ON,ALP,522
ON,ON,138
ON,GRN,831
ON,UAPP,75
ON,LP,58
UAPP,ALP,242
UAPP,GRN,222
UAPP,UAPP,1309
UAPP,LP,328
LP,ALP,658
LP,GRN,1029
LP,LP,2125
ON,ON,104
ON,IND,412
ON,UAPP,100
ON,GRN,452
ON,LP,191
ON,ALP,216
UAPP,IND,356
UAPP,UAPP,1261
UAPP,GRN,97
UAPP,LP,285
UAPP,ALP,85
GRN,IND,997
GRN,GRN,436
GRN,LP,1866
GRN,ALP,264
ALP,IND,4770
ALP,LP,771
ALP,ALP,2354
GRN,LP,702
GRN,UAPP,2539
GRN,ALP,544
GRN,GRN,393
UAPP,LP,935
UAPP,UAPP,850
UAPP,ALP,6808
LDP,ALP,56
LDP,GRN,56
LDP,UAPP,475
LDP,IND,76
LDP,LDP,126
LDP,LP,106
UAPP,ALP,56
UAPP,GRN,44
UAPP,UAPP,650
UAPP,IND,126
UAPP,LP,596
GRN,ALP,311
GRN,GRN,269
GRN,IND,932
GRN,LP,1426
ALP,ALP,2835
ALP,IND,4442
ALP,LP,502
GRN,LDP,890
GRN,UAPP,2011
GRN,ALP,662
GRN,GRN,529
GRN,LP,1004
LDP,LDP,673
LDP,UAPP,1088
LDP,ALP,4521
LDP,LP,1019
UAPP,UAPP,4566
UAPP,ALP,2215
UAPP,LP,3760
UAPP,ALP,731
UAPP,ON,746
UAPP,LP,1715
UAPP,UAPP,664
UAPP,GRN,206
ON,ALP,886
ON,ON,3303
ON,LP,1555
ON,GRN,806
GRN,ALP,3304
GRN,LP,5572
GRN,GRN,2716
CEC,CLP,14
CEC,GRN,25
CEC,CEC,9
CEC,UAPP,15
CEC,ALP,25
CEC,IND,277
CEC,ON,31
CEC,LDP,13
IND,CLP,115
IND,GRN,94
IND,UAPP,101
IND,ALP,49
IND,IND,86
IND,ON,29
IND,LDP,32
LDP,CLP,190
LDP,GRN,320
LDP,UAPP,179
LDP,ALP,230
LDP,ON,283
LDP,LDP,109
UAPP,CLP,705
UAPP,GRN,214
UAPP,UAPP,315
UAPP,ALP,340
UAPP,ON,528
ON,CLP,582
ON,GRN,435
ON,ALP,347
ON,ON,1128
GRN,CLP,2505
GRN,GRN,1042
GRN,ALP,922
ON,LDP,385
ON,GRN,293
ON,ALP,281
ON,CLP,292
ON,ON,1377
LDP,LDP,1696
LDP,GRN,756
LDP,ALP,519
LDP,CLP,1354
GRN,GRN,1921
GRN,ALP,1706
GRN,CLP,4293
AJP,GRN,219
AJP,LDP,175
AJP,UAPP,213
AJP,ON,414
AJP,ALP,274
AJP,AJP,482
AJP,LNP,326
LDP,GRN,1055
LDP,LDP,185
LDP,UAPP,342
LDP,ON,593
LDP,ALP,463
LDP,LNP,407
UAPP,GRN,542
UAPP,UAPP,659
UAPP,ON,736
UAPP,ALP,477
UAPP,LNP,1026
GRN,GRN,1124
GRN,ON,4622
GRN,ALP,870
GRN,LNP,951
ON,ON,3433
ON,ALP,10222
ON,LNP,2398
ON,LNP,647
ON,ON,1852
ON,ALP,328
ON,GRN,350
GRN,LNP,4254
GRN,ALP,1244
GRN,GRN,1725
UAPP,ON,188
UAPP,UAPP,157
UAPP,GRN,408
UAPP,LNP,229
UAPP,ALP,261
ON,ON,4609
ON,GRN,744
ON,LNP,906
ON,ALP,499
GRN,GRN,4028
GRN,LNP,6434
GRN,ALP,2160
AJP,AJP,133
AJP,UAPP,266
AJP,GRN,162
AJP,ALP,178
AJP,LNP,654
AJP,ON,414
UAPP,UAPP,423
UAPP,GRN,1100
UAPP,ALP,314
UAPP,LNP,235
UAPP,ON,196
ON,GRN,581
ON,ALP,211
ON,LNP,528
ON,ON,1471
ALP,GRN,1257
ALP,ALP,577
ALP,LNP,2676
LDP,ON,272
LDP,GRN,141
LDP,ALP,78
LDP,LDP,55
LDP,IND,195
LDP,UAPP,57
LDP,LNP,52
LDP,GAP,276
GAP,ON,302
GAP,GRN,85
GAP,ALP,158
GAP,IND,200
GAP,UAPP,197
GAP,LNP,424
GAP,GAP,81
IND,ON,635
IND,GRN,83
IND,ALP,73
IND,IND,425
IND,UAPP,691
IND,LNP,197
UAPP,ON,1156
UAPP,GRN,575
UAPP,ALP,704
UAPP,UAPP,844
UAPP,LNP,589
GRN,ON,3445
GRN,GRN,408
GRN,ALP,531
GRN,LNP,960
ON,ON,1408
ON,ALP,4204
ON,LNP,982
UAPP,LNP,161
UAPP,ON,473
UAPP,ALP,216
UAPP,UAPP,463
UAPP,KAP,505
UAPP,GRN,130
KAP,LNP,512
KAP,ON,1799
KAP,ALP,363
KAP,KAP,1226
KAP,GRN,276
GRN,LNP,1274
GRN,ON,3953
GRN,ALP,942
GRN,GRN,751
ON,LNP,1248
ON,ON,1498
ON,ALP,5086
IND,IND,198
IND,LNP,424
IND,IND,75
IND,ON,237
IND,UAPP,126
IND,ALP,90
IND,GRN,86
UAPP,IND,897
UAPP,LNP,146
UAPP,ON,155
UAPP,UAPP,84
UAPP,ALP,203
UAPP,GRN,208
IND,IND,540
IND,LNP,363
IND,ON,1449
IND,ALP,297
IND,GRN,278
ON,LNP,927
ON,ON,1436
ON,ALP,551
ON,GRN,943
GRN,LNP,4707
GRN,ALP,1726
GRN,GRN,2156
IND,IND,311
IND,ALP,284
IND,UAPP,429
IND,ON,450
IND,LNP,1112
IND,GRN,406
UAPP,ALP,1489
UAPP,UAPP,776
UAPP,ON,864
UAPP,LNP,543
UAPP,GRN,1046
GRN,ALP,932
GRN,ON,5230
GRN,LNP,1237
GRN,GRN,820
ON,ALP,8853
ON,ON,2178
ON,LNP,2594
GAP,LNP,40
GAP,IMO,24
GAP,AJP,45
GAP,IND,348
GAP,GRN,95
GAP,UAPP,38
GAP,ALP,57
GAP,GAP,32
GAP,ON,54
IND,LNP,56
IND,IMO,443
IND,AJP,53
IND,IND,104
IND,GRN,54
IND,UAPP,199
IND,ALP,53
IND,ON,389
AJP,LNP,204
AJP,IMO,359
AJP,AJP,376
AJP,GRN,289
AJP,UAPP,180
AJP,ALP,191
AJP,ON,276
IMO,LNP,285
IMO,IMO,748
IMO,GRN,964
IMO,UAPP,172
IMO,ALP,261
IMO,ON,226
UAPP,LNP,294
UAPP,GRN,727
UAPP,UAPP,967
UAPP,ALP,173
UAPP,ON,1410
ON,LNP,1013
ON,GRN,652
ON,ALP,502
ON,ON,5521
GRN,LNP,7674
GRN,GRN,4333
GRN,ALP,2667
UAPP,ON,471
UAPP,ALP,311
UAPP,LNP,301
UAPP,GRN,1324
UAPP,UAPP,323
ON,ON,5279
ON,ALP,462
ON,LNP,1000
ON,GRN,937
GRN,ALP,3009
GRN,LNP,8240
GRN,GRN,4603
GRN,ALP,153
GRN,GRN,130
GRN,ON,842
GRN,IND,397
GRN,UAPP,407
GRN,LNP,83
IND,ALP,2420
IND,ON,436
IND,IND,809
IND,UAPP,202
IND,LNP,270
UAPP,ALP,1283
UAPP,ON,1592
UAPP,UAPP,1346
UAPP,LNP,730
ON,ALP,963
ON,ON,5857
ON,LNP,1401
AJP,UAPP,63
AJP,LNP,77
AJP,GRN,170
AJP,ALP,104
AJP,ON,66
AJP,LDP,46
AJP,IND,154
AJP,AJP,48
LDP,UAPP,230
LDP,LNP,150
LDP,GRN,626
LDP,ALP,236
LDP,ON,287
LDP,LDP,101
LDP,IND,862
IND,UAPP,712
IND,LNP,765
IND,GRN,174
IND,ALP,274
IND,ON,509
IND,IND,381
UAPP,UAPP,711
UAPP,LNP,534
UAPP,GRN,1045
UAPP,ALP,728
UAPP,ON,1352
GRN,LNP,2582
GRN,GRN,1226
GRN,ALP,791
GRN,ON,4602
ON,LNP,2490
ON,ALP,7852
ON,ON,2218
ON,ON,1547
ON,GRN,359
ON,ALP,201
ON,LNP,474
ALP,GRN,1538
ALP,ALP,618
ALP,LNP,2895
UAPP,ON,680
UAPP,GRN,159
UAPP,UAPP,262
UAPP,IND,133
UAPP,IND,120
UAPP,LNP,100
UAPP,ALP,85
GRN,ON,3116
GRN,GRN,275
GRN,IND,577
GRN,IND,370
GRN,LNP,574
GRN,ALP,272
IND,ON,682
IND,IND,1218
IND,IND,1364
IND,LNP,408
IND,ALP,2378
ON,ON,706
ON,IND,5660
ON,LNP,1174
ON,ALP,1246
ALP,IND,8178
ALP,LNP,4844
ALP,ALP,1343
IND,IMO,157
IND,ALP,51
IND,GRN,70
IND,LNP,79
IND,IND,85
IND,IND,49
IND,UAPP,79
IND,KAP,65
IND,AJP,17
IND,ON,97
AJP,IMO,87
AJP,ALP,61
AJP,GRN,28
AJP,LNP,106
AJP,IND,490
AJP,UAPP,44
AJP,KAP,79
AJP,AJP,33
AJP,ON,63
IMO,IMO,193
IMO,ALP,197
IMO,GRN,333
IMO,LNP,121
IMO,IND,214
IMO,UAPP,52
IMO,KAP,116
IMO,ON,183
UAPP,ALP,541
UAPP,GRN,272
UAPP,LNP,137
UAPP,IND,331
UAPP,UAPP,166
UAPP,KAP,355
UAPP,ON,293
IND,ALP,193
IND,GRN,112
IND,LNP,504
IND,IND,218
IND,KAP,869
IND,ON,828
ON,ALP,754
ON,GRN,1438
ON,LNP,664
ON,KAP,886
ON,ON,579
GRN,ALP,548
GRN,GRN,575
GRN,LNP,1144
GRN,KAP,4650
KAP,ALP,7335
KAP,LNP,1464
KAP,KAP,1625
UAPP,LNP,424
UAPP,UAPP,329
UAPP,ON,349
UAPP,ALP,2406
UAPP,IND,2054
ON,LNP,1261
ON,ON,4570
ON,ALP,699
ON,IND,1216
IND,LNP,5330
IND,ALP,2012
IND,IND,6414
UAPP,KAP,976
UAPP,LNP,374
UAPP,GRN,666
UAPP,ALP,332
UAPP,UAPP,633
GRN,KAP,3264
GRN,LNP,635
GRN,GRN,457
GRN,ALP,431
ALP,KAP,1715
ALP,LNP,915
ALP,ALP,4506
SOPA,SAL,23
SOPA,IMO,67
SOPA,LNP,48
SOPA,KAP,42
SOPA,SOPA,18
SOPA,AJP,20
SOPA,GRN,24
SOPA,UAPP,57
SOPA,ON,103
SOPA,ALP,64
AJP,SAL,117
AJP,IMO,120
AJP,LNP,53
AJP,KAP,76
AJP,AJP,212
AJP,GRN,211
AJP,UAPP,29
AJP,ON,34
AJP,ALP,96
IMO,SAL,122
IMO,IMO,283
IMO,LNP,112
IMO,KAP,137
IMO,GRN,493
IMO,UAPP,72
IMO,ON,126
IMO,ALP,140
UAPP,SAL,398
UAPP,LNP,140
UAPP,KAP,355
UAPP,GRN,222
UAPP,UAPP,238
UAPP,ON,689
UAPP,ALP,69
SAL,SAL,213
SAL,LNP,622
SAL,KAP,695
SAL,GRN,277
SAL,ON,1908
SAL,ALP,274
KAP,LNP,1257
KAP,KAP,761
KAP,GRN,1456
KAP,ON,312
KAP,ALP,816
GRN,LNP,2094
GRN,GRN,1011
GRN,ON,2996
GRN,ALP,1131
ON,LNP,1891
ON,ON,1877
ON,ALP,9069
LDP,UAPP,370
LDP,GRN,271
LDP,LNP,132
LDP,LDP,168
LDP,ALP,132
LDP,ON,305
UAPP,UAPP,412
UAPP,GRN,283
UAPP,LNP,922
UAPP,ALP,463
UAPP,ON,500
ON,GRN,819
ON,LNP,600
ON,ALP,332
ON,ON,2351
GRN,GRN,1712
GRN,LNP,4004
GRN,ALP,1467
AJP,ALP,208
AJP,UAPP,326
AJP,HMP,127
AJP,GRN,88
AJP,ON,447
AJP,AJP,169
AJP,LNP,646
UAPP,ALP,263
UAPP,UAPP,113
UAPP,HMP,640
UAPP,GRN,553
UAPP,ON,325
UAPP,LNP,335
HMP,ALP,686
HMP,HMP,1033
HMP,GRN,374
HMP,ON,3635
HMP,LNP,660
GRN,ALP,1653
GRN,GRN,2677
GRN,ON,2490
GRN,LNP,1005
ON,ALP,7326
ON,ON,2450
ON,LNP,1730
ASP,LNP,94
ASP,ASP,223
ASP,ALP,75
ASP,UAPP,136
ASP,GRN,105
ASP,ON,364
GRN,LNP,990
GRN,ALP,557
GRN,UAPP,679
GRN,GRN,328
GRN,ON,1364
UAPP,LNP,747
UAPP,ALP,3078
UAPP,UAPP,448
UAPP,ON,693
ON,LNP,1568
ON,ALP,816
ON,ON,5081
LDP,LNP,54
LDP,ON,140
LDP,GRN,111
LDP,AUVA,178
LDP,UAPP,48
LDP,LDP,37
LDP,ALP,26
AUVA,LNP,683
AUVA,ON,316
AUVA,GRN,188
AUVA,AUVA,207
AUVA,UAPP,432
AUVA,ALP,274
UAPP,LNP,387
UAPP,ON,921
UAPP,GRN,523
UAPP,UAPP,610
UAPP,ALP,254
ON,LNP,1003
ON,ON,5137
ON,GRN,916
ON,ALP,524
GRN,LNP,7500
GRN,GRN,3888
GRN,ALP,2139
IMO,LNP,97
IMO,ON,150
IMO,AJP,97
IMO,GRN,76
IMO,ALP,49
IMO,LDP,51
IMO,IMO,80
IMO,UAPP,45
AJP,LNP,63
AJP,ON,249
AJP,AJP,240
AJP,GRN,123
AJP,ALP,63
AJP,LDP,117
AJP,UAPP,222
LDP,LNP,300
LDP,ON,422
LDP,GRN,1247
LDP,ALP,336
LDP,LDP,132
LDP,UAPP,284
UAPP,LNP,1426
UAPP,ON,847
UAPP,GRN,352
UAPP,ALP,412
UAPP,UAPP,1568
ON,LNP,986
ON,ON,5063
ON,GRN,794
ON,ALP,758
GRN,LNP,7380
GRN,GRN,3384
GRN,ALP,2948
UAPP,ON,614
UAPP,ALP,259
UAPP,GRN,201
UAPP,LNP,180
UAPP,UAPP,214
ON,ON,1835
ON,ALP,355
ON,GRN,448
ON,LNP,640
GRN,ALP,1314
GRN,GRN,1390
GRN,LNP,3109
ON,GRN,1118
ON,LNP,804
ON,ON,2485
ON,ALP,672
GRN,GRN,1989
GRN,LNP,4243
GRN,ALP,1821
AJP,UAPP,421
AJP,GRN,263
AJP,ON,422
AJP,ALP,296
AJP,LNP,683
AJP,AJP,104
ON,UAPP,331
ON,GRN,939
ON,ON,372
ON,ALP,393
ON,LNP,400
UAPP,UAPP,3748
UAPP,GRN,814
UAPP,ALP,704
UAPP,LNP,1141
GRN,GRN,3507
GRN,ALP,1702
GRN,LNP,5205
UAPP,LNP,266
UAPP,GRN,827
UAPP,UAPP,285
UAPP,ON,422
UAPP,ALP,484
ON,LNP,753
ON,GRN,800
ON,ON,3167
ON,ALP,629
GRN,LNP,5065
GRN,GRN,3290
GRN,ALP,2240
AUP,UAPP,39
AUP,LDP,52
AUP,AUP,43
AUP,ON,65
AUP,AJP,44
AUP,GRN,25
AUP,ALP,28
AUP,LNP,57
AJP,UAPP,40
AJP,LDP,67
AJP,ON,32
AJP,AJP,129
AJP,GRN,255
AJP,ALP,83
AJP,LNP,43
UAPP,UAPP,111
UAPP,LDP,109
UAPP,ON,124
UAPP,GRN,621
UAPP,ALP,180
UAPP,LNP,116
ON,LDP,656
ON,ON,937
ON,GRN,224
ON,ALP,148
ON,LNP,287
LDP,LDP,1787
LDP,GRN,537
LDP,ALP,263
LDP,LNP,808
ALP,GRN,1372
ALP,ALP,753
ALP,LNP,3128
AUVA,IND,76
AUVA,ON,89
AUVA,UAPP,44
AUVA,GRN,33
AUVA,LNP,50
AUVA,IND,65
AUVA,ALP,32
AUVA,AUVA,54
AUVA,IMO,58
IMO,IND,123
IMO,ON,180
IMO,UAPP,62
IMO,GRN,90
IMO,LNP,161
IMO,IND,147
IMO,ALP,145
IMO,IMO,203
IND,IND,584
IND,ON,610
IND,UAPP,252
IND,GRN,166
IND,LNP,100
IND,IND,429
IND,ALP,217
UAPP,IND,1700
UAPP,ON,364
UAPP,UAPP,215
UAPP,GRN,333
UAPP,LNP,326
UAPP,ALP,440
IND,IND,795
IND,ON,3109
IND,GRN,303
IND,LNP,538
IND,ALP,234
GRN,ON,4071
GRN,GRN,1650
GRN,LNP,813
GRN,ALP,850
ON,ON,1919
ON,LNP,1731
ON,ALP,8013
UAPP,LNP,194
UAPP,UAPP,357
UAPP,ON,601
UAPP,ALP,208
UAPP,GRN,272
GRN,LNP,1428
GRN,ON,6258
GRN,ALP,638
GRN,GRN,736
ON,LNP,1982
ON,ON,2123
ON,ALP,9010
SOPA,LP,83
SOPA,ALP,64
SOPA,UAPP,215
SOPA,SOPA,125
SOPA,GRN,74
SOPA,ON,309
UAPP,LP,150
UAPP,ALP,320
UAPP,UAPP,204
UAPP,GRN,943
UAPP,ON,139
ON,LP,569
ON,ALP,507
ON,GRN,527
ON,ON,1871
GRN,LP,2653
GRN,ALP,1142
GRN,GRN,1900
IND,NP,71
IND,ON,122
IND,IND,61
IND,IND,100
IND,GRN,50
IND,LP,67
IND,UAPP,139
IND,ALP,150
NP,NP,109
NP,ON,217
NP,IND,1274
NP,GRN,105
NP,LP,123
NP,UAPP,66
NP,ALP,80
UAPP,ON,986
UAPP,IND,254
UAPP,GRN,188
UAPP,LP,935
UAPP,UAPP,200
UAPP,ALP,148
IND,ON,1803
IND,IND,1238
IND,GRN,338
IND,LP,781
IND,ALP,467
GRN,ON,3123
GRN,GRN,1247
GRN,LP,870
GRN,ALP,816
ON,ON,1819
ON,LP,1897
ON,ALP,6053
IND,GRN,41
IND,UAPP,122
IND,LDP,108
IND,IND,58
IND,AJP,17
IND,LP,51
IND,IND,22
IND,ALP,20
IND,ON,104
AJP,GRN,94
AJP,UAPP,116
AJP,LDP,231
AJP,AJP,69
AJP,LP,85
AJP,IND,313
AJP,ALP,42
AJP,ON,156
LDP,GRN,586
LDP,UAPP,76
LDP,LDP,52
LDP,LP,148
LDP,IND,245
LDP,ALP,247
LDP,ON,90
ON,GRN,198
ON,UAPP,312
ON,LP,533
ON,IND,135
ON,ALP,81
ON,ON,382
UAPP,GRN,181
UAPP,UAPP,1671
UAPP,LP,417
UAPP,IND,539
UAPP,ALP,244
IND,GRN,736
IND,LP,1735
IND,IND,1943
IND,ALP,403
GRN,GRN,5448
GRN,LP,2173
GRN,ALP,3017
IND,GRN,57
IND,UAPP,119
IND,LDP,91
IND,IND,75
IND,ALP,52
IND,ON,164
IND,IND,95
IND,LP,68
LDP,GRN,148
LDP,UAPP,74
LDP,LDP,42
LDP,IND,605
LDP,ALP,143
LDP,ON,183
LDP,LP,232
UAPP,GRN,185
UAPP,UAPP,271
UAPP,IND,179
UAPP,ALP,185
UAPP,ON,281
UAPP,LP,459
GRN,GRN,739
GRN,IND,1032
GRN,ALP,538
GRN,ON,3115
GRN,LP,821
ON,IND,3495
ON,ALP,3039
ON,ON,651
ON,LP,938
IND,IND,5575
IND,ALP,1790
IND,LP,3481
GAP,GRN,67
GAP,LP,63
GAP,ON,106
GAP,ALP,67
GAP,UAPP,146
GAP,GAP,158
GAP,AJP,46
AJP,GRN,83
AJP,LP,83
AJP,ON,416
AJP,ALP,113
AJP,UAPP,439
AJP,AJP,208
UAPP,GRN,1100
UAPP,LP,248
UAPP,ON,264
UAPP,ALP,445
UAPP,UAPP,537
ON,GRN,710
ON,LP,625
ON,ON,2840
ON,ALP,843
GRN,GRN,2308
GRN,LP,3718
GRN,ALP,1941
IND,IND,206
IND,ON,379
IND,UAPP,240
IND,ALP,67
IND,GRN,104
IND,LP,83
UAPP,ON,1039
UAPP,UAPP,538
UAPP,ALP,572
UAPP,GRN,629
UAPP,LP,391
ON,ON,3216
ON,ALP,691
ON,GRN,634
ON,LP,558
GRN,ALP,2862
GRN,GRN,2688
GRN,LP,4397
UAPP,ALP,559
UAPP,UAPP,441
UAPP,ON,480
UAPP,LP,266
UAPP,GRN,161
ON,ALP,943
ON,ON,2892
ON,LP,638
ON,GRN,606
GRN,ALP,2187
GRN,LP,4151
GRN,GRN,2131
LDP,ALP,33
LDP,AJP,72
LDP,LDP,236
LDP,XEN,85
LDP,GRN,37
LDP,LP,81
LDP,UAPP,276
LDP,ON,510
AJP,ALP,139
AJP,AJP,114
AJP,XEN,228
AJP,GRN,114
AJP,LP,449
AJP,UAPP,262
AJP,ON,354
UAPP,ALP,332
UAPP,XEN,457
UAPP,GRN,825
UAPP,LP,163
UAPP,UAPP,152
UAPP,ON,186
ON,ALP,277
ON,XEN,525
ON,GRN,337
ON,LP,475
ON,ON,3165
GRN,ALP,738
GRN,XEN,3757
GRN,GRN,1027
GRN,LP,3468
ALP,ALP,7350
ALP,XEN,7246
ALP,LP,1449
UAPP,UAPP,383
UAPP,ALP,233
UAPP,GRN,320
UAPP,LP,193
UAPP,ON,607
GRN,ALP,2057
GRN,GRN,1255
GRN,LP,876
GRN,ON,3353
ON,ALP,9216
ON,LP,1943
ON,ON,2468
AUP,GRN,60
AUP,ALP,48
AUP,ON,24
AUP,AUP,46
AUP,UAPP,10
AUP,CYA,9
AUP,AJP,19
AUP,LDP,7
AUP,DPDA,15
AUP,LP,13
CYA,GRN,155
CYA,ALP,65
CYA,ON,41
CYA,UAPP,56
CYA,CYA,35
CYA,AJP,67
CYA,LDP,13
CYA,DPDA,37
CYA,LP,34
DPDA,GRN,38
DPDA,ALP,39
DPDA,ON,220
DPDA,UAPP,153
DPDA,AJP,51
DPDA,LDP,166
DPDA,DPDA,65
DPDA,LP,67
LDP,GRN,310
LDP,ALP,226
LDP,ON,67
LDP,UAPP,73
LDP,AJP,107
LDP,LDP,104
LDP,LP,237
AJP,GRN,144
AJP,ALP,115
AJP,ON,291
AJP,UAPP,243
AJP,AJP,131
AJP,LP,513
ON,GRN,847
ON,ALP,327
ON,ON,202
ON,UAPP,273
ON,LP,257
UAPP,GRN,388
UAPP,ALP,302
UAPP,UAPP,2501
UAPP,LP,547
GRN,GRN,1734
GRN,ALP,1337
GRN,LP,3246
AJP,IND,50
AJP,JLN,62
AJP,GRN,15
AJP,LP,238
AJP,AJP,34
AJP,UAPP,125
AJP,ON,150
AJP,ALP,58
UAPP,IND,157
UAPP,JLN,137
UAPP,GRN,267
UAPP,LP,118
UAPP,UAPP,70
UAPP,ON,103
UAPP,ALP,151
IND,IND,180
IND,JLN,205
IND,GRN,53
IND,LP,151
IND,ON,641
IND,ALP,105
ON,JLN,1125
ON,GRN,750
ON,LP,800
ON,ON,438
ON,ALP,724
JLN,JLN,1988
JLN,GRN,413
JLN,LP,1212
JLN,ALP,949
GRN,GRN,2478
GRN,LP,2845
GRN,ALP,2781
TLOC,ON,33
TLOC,GRN,137
TLOC,LP,25
TLOC,TLOC,39
TLOC,ALP,55
TLOC,UAPP,18
TLOC,IND,107
TLOC,JLN,140
TLOC,LDP,12
LDP,ON,41
LDP,GRN,125
LDP,LP,102
LDP,ALP,156
LDP,UAPP,46
LDP,IND,184
LDP,JLN,86
LDP,LDP,18
UAPP,ON,196
UAPP,GRN,22
UAPP,LP,280
UAPP,ALP,42
UAPP,UAPP,144
UAPP,IND,93
UAPP,JLN,224
ON,ON,488
ON,GRN,44
ON,LP,190
ON,ALP,85
ON,IND,218
ON,JLN,183
GRN,GRN,546
GRN,LP,886
GRN,ALP,247
GRN,IND,1424
GRN,JLN,720
IND,LP,889
IND,ALP,2487
IND,IND,1320
IND,JLN,923
JLN,LP,1960
JLN,ALP,2607
JLN,JLN,4317
AJP,ON,116
AJP,ALP,91
AJP,LP,277
AJP,GRN,33
AJP,IND,98
AJP,AJP,20
AJP,UAPP,104
UAPP,ON,80
UAPP,ALP,102
UAPP,LP,52
UAPP,GRN,229
UAPP,IND,271
UAPP,UAPP,114
ON,ON,490
ON,ALP,109
ON,LP,116
ON,GRN,111
ON,IND,333
GRN,ALP,635
GRN,LP,525
GRN,GRN,209
GRN,IND,1032
LP,ALP,2977
LP,LP,364
LP,IND,6102
UAPP,TLOC,169
UAPP,ALP,117
UAPP,LDP,23
UAPP,ON,39
UAPP,UAPP,53
UAPP,JLN,156
UAPP,LP,129
UAPP,GRN,411
LDP,TLOC,142
LDP,ALP,120
LDP,LDP,188
LDP,ON,515
LDP,JLN,223
LDP,LP,178
LDP,GRN,67
ON,TLOC,236
ON,ALP,232
ON,ON,369
ON,JLN,174
ON,LP,592
ON,GRN,42
TLOC,TLOC,934
TLOC,ALP,289
TLOC,JLN,904
TLOC,LP,682
TLOC,GRN,147
JLN,ALP,1449
JLN,JLN,1448
JLN,LP,583
JLN,GRN,1536
GRN,ALP,2659
GRN,LP,2464
GRN,GRN,1997
AJP,LP,534
AJP,ALP,109
AJP,AJP,69
AJP,UAPP,173
AJP,JLN,81
AJP,ON,195
AJP,GRN,27
UAPP,LP,162
UAPP,ALP,227
UAPP,UAPP,192
UAPP,JLN,293
UAPP,ON,133
UAPP,GRN,374
ON,LP,325
ON,ALP,281
ON,JLN,639
ON,ON,963
ON,GRN,133
GRN,LP,1331
GRN,ALP,692
GRN,JLN,2630
GRN,GRN,565
JLN,LP,804
JLN,ALP,5434
JLN,JLN,3243
LDP,UAPP,91
LDP,LP,122
LDP,GVIC,366
LDP,ON,103
LDP,LDP,133
LDP,ALP,158
ON,UAPP,674
ON,LP,513
ON,GVIC,198
ON,ON,589
ON,ALP,270
UAPP,UAPP,2429
UAPP,LP,503
UAPP,GVIC,407
UAPP,ALP,375
GVIC,LP,5305
GVIC,GVIC,2217
GVIC,ALP,1662
IND,GVIC,50
IND,LP,49
IND,IND,158
IND,UAPP,113
IND,ON,131
IND,LDP,131
IND,ALP,50
LDP,GVIC,543
LDP,LP,265
LDP,UAPP,369
LDP,ON,354
LDP,LDP,291
LDP,ALP,380
ON,GVIC,229
ON,LP,841
ON,UAPP,1320
ON,ON,755
ON,ALP,493
UAPP,GVIC,348
UAPP,LP,654
UAPP,UAPP,2948
UAPP,ALP,766
GVIC,GVIC,1567
GVIC,LP,4406
GVIC,ALP,2470
IND,IND,272
IND,ALP,174
IND,LP,600
IND,GVIC,146
IND,ON,544
IND,UAPP,1152
UAPP,ALP,1302
UAPP,LP,663
UAPP,GVIC,626
UAPP,ON,1407
UAPP,UAPP,593
ON,ALP,480
ON,LP,491
ON,GVIC,356
ON,ON,3997
GVIC,ALP,2778
GVIC,LP,6527
GVIC,GVIC,2151
LDP,LDP,956
LDP,UAPP,2193
LDP,ALP,536
LDP,LP,477
LDP,GVIC,382
GVIC,UAPP,3313
GVIC,ALP,589
GVIC,LP,1564
GVIC,GVIC,311
UAPP,UAPP,1427
UAPP,ALP,6924
UAPP,LP,1615
VNS,ON,336
VNS,LP,128
VNS,GVIC,136
VNS,ALP,162
VNS,UAPP,373
VNS,VNS,377
ON,ON,323
ON,LP,292
ON,GVIC,1542
ON,ALP,821
ON,UAPP,832
GVIC,LP,2022
GVIC,GVIC,860
GVIC,ALP,790
GVIC,UAPP,2944
UAPP,LP,1812
UAPP,ALP,7124
UAPP,UAPP,1879
DHJP,GVIC,15
DHJP,IND,69
DHJP,AJP,18
DHJP,LP,61
DHJP,ALP,27
DHJP,ON,147
DHJP,LDP,136
DHJP,DHJP,19
DHJP,UAPP,155
DHJP,IND,39
AJP,GVIC,91
AJP,IND,109
AJP,AJP,158
AJP,LP,168
AJP,ALP,145
AJP,ON,206
AJP,LDP,53
AJP,UAPP,128
AJP,IND,168
LDP,GVIC,701
LDP,IND,229
LDP,LP,197
LDP,ALP,318
LDP,ON,179
LDP,LDP,48
LDP,UAPP,102
LDP,IND,246
IND,GVIC,99
IND,IND,191
IND,LP,470
IND,ALP,114
IND,ON,598
IND,UAPP,641
IND,IND,132
ON,GVIC,406
ON,LP,377
ON,ALP,263
ON,ON,779
ON,UAPP,1217
ON,IND,1011
UAPP,GVIC,281
UAPP,LP,680
UAPP,ALP,403
UAPP,UAPP,3145
UAPP,IND,660
IND,GVIC,596
IND,LP,4551
IND,ALP,678
IND,IND,4397
GVIC,GVIC,8014
GVIC,LP,3380
GVIC,ALP,3566
CYA,LP,25
CYA,DHJP,22
CYA,CYA,19
CYA,ON,28
CYA,AJP,51
CYA,LDP,33
CYA,GVIC,49
CYA,UAPP,24
CYA,IND,26
CYA,IND,48
CYA,ALP,59
IND,LP,74
IND,DHJP,49
IND,ON,72
IND,AJP,38
IND,LDP,107
IND,GVIC,51
IND,UAPP,40
IND,IND,106
IND,IND,13
IND,ALP,36
DHJP,LP,98
DHJP,DHJP,30
DHJP,ON,12
DHJP,AJP,26
DHJP,LDP,18
DHJP,GVIC,122
DHJP,UAPP,27
DHJP,IND,332
DHJP,ALP,153
AJP,LP,208
AJP,ON,208
AJP,AJP,133
AJP,LDP,91
AJP,GVIC,98
AJP,UAPP,59
AJP,IND,100
AJP,ALP,150
ON,LP,129
ON,ON,123
ON,LDP,97
ON,GVIC,558
ON,UAPP,68
ON,IND,154
ON,ALP,241
LDP,LP,255
LDP,LDP,509
LDP,GVIC,169
LDP,UAPP,590
LDP,IND,196
LDP,ALP,101
IND,LP,547
IND,GVIC,314
IND,UAPP,998
IND,IND,464
IND,ALP,152
UAPP,LP,441
UAPP,GVIC,699
UAPP,UAPP,1276
UAPP,ALP,552
GVIC,LP,2845
GVIC,GVIC,1511
GVIC,ALP,1021
AJP,AJP,252
AJP,VNS,289
AJP,GVIC,604
AJP,LP,104
AJP,UAPP,66
AJP,ON,41
AJP,ALP,229
ON,VNS,803
ON,GVIC,778
ON,LP,191
ON,UAPP,180
ON,ON,126
ON,ALP,381
VNS,VNS,225
VNS,GVIC,129
VNS,LP,311
VNS,UAPP,2017
VNS,ALP,292
UAPP,GVIC,3503
UAPP,LP,150
UAPP,UAPP,369
UAPP,ALP,545
LP,GVIC,1731
LP,LP,3351
LP,ALP,1720
DHJP,GVIC,305
DHJP,ALP,98
DHJP,AJP,63
DHJP,LP,58
DHJP,LDP,106
DHJP,ON,112
DHJP,UAPP,80
DHJP,DHJP,46
AJP,GVIC,191
AJP,ALP,210
AJP,AJP,266
AJP,LP,177
AJP,LDP,77
AJP,ON,285
AJP,UAPP,261
LDP,GVIC,950
LDP,ALP,639
LDP,LP,180
LDP,LDP,156
LDP,ON,231
LDP,UAPP,159
ON,GVIC,188
ON,ALP,218
ON,LP,589
ON,ON,858
ON,UAPP,1012
UAPP,GVIC,363
UAPP,ALP,437
UAPP,LP,497
UAPP,UAPP,2737
GVIC,GVIC,1872
GVIC,ALP,1503
GVIC,LP,4107
AJP,SAL,206
AJP,LP,112
AJP,GVIC,141
AJP,ON,148
AJP,AJP,98
AJP,LDP,201
AJP,UAPP,93
AJP,ALP,81
SAL,SAL,345
SAL,LP,179
SAL,GVIC,899
SAL,ON,244
SAL,LDP,123
SAL,UAPP,231
SAL,ALP,427
LDP,LP,785
LDP,GVIC,1362
LDP,ON,208
LDP,LDP,121
LDP,UAPP,142
LDP,ALP,377
ON,LP,903
ON,GVIC,246
ON,ON,851
ON,UAPP,1487
ON,ALP,341
UAPP,LP,727
UAPP,GVIC,608
UAPP,UAPP,3245
UAPP,ALP,659
GVIC,LP,5501
GVIC,GVIC,2244
GVIC,ALP,2234
DHJP,ALP,83
DHJP,GVIC,54
DHJP,IND,44
DHJP,AJP,49
DHJP,LDP,229
DHJP,LP,115
DHJP,DHJP,59
DHJP,UAPP,133
DHJP,ON,143
IND,ALP,148
IND,GVIC,97
IND,IND,116
IND,AJP,176
IND,LDP,86
IND,LP,230
IND,UAPP,113
IND,ON,173
AJP,ALP,299
AJP,GVIC,353
AJP,AJP,248
AJP,LDP,99
AJP,LP,209
AJP,UAPP,114
AJP,ON,109
LDP,ALP,427
LDP,GVIC,925
LDP,LDP,142
LDP,LP,203
LDP,UAPP,205
LDP,ON,221
ON,ALP,228
ON,GVIC,221
ON,LP,633
ON,UAPP,529
ON,ON,788
UAPP,ALP,257
UAPP,GVIC,259
UAPP,LP,451
UAPP,UAPP,2773
GVIC,ALP,872
GVIC,GVIC,1578
GVIC,LP,4253
AJP,IND,129
AJP,ALP,37
AJP,LDP,70
AJP,AJP,56
AJP,GVIC,49
AJP,LP,55
AJP,ON,74
AJP,UAPP,96
LDP,IND,308
LDP,ALP,437
LDP,LDP,75
LDP,GVIC,798
LDP,LP,163
LDP,ON,175
LDP,UAPP,113
ON,IND,326
ON,ALP,248
ON,GVIC,155
ON,LP,614
ON,ON,614
ON,UAPP,586
IND,IND,657
IND,ALP,272
IND,GVIC,193
IND,LP,407
IND,UAPP,2023
UAPP,ALP,1284
UAPP,GVIC,843
UAPP,LP,499
UAPP,UAPP,2492
GVIC,ALP,1763
GVIC,GVIC,2397
GVIC,LP,5996
AJP,UAPP,72
AJP,ON,110
AJP,LDP,96
AJP,LP,44
AJP,GVIC,39
AJP,IND,56
AJP,ALP,28
AJP,IND,30
AJP,AJP,11
LDP,UAPP,111
LDP,ON,161
LDP,LDP,26
LDP,LP,159
LDP,GVIC,595
LDP,IND,218
LDP,ALP,353
LDP,IND,448
ON,UAPP,781
ON,ON,751
ON,LP,560
ON,GVIC,105
ON,IND,134
ON,ALP,70
ON,IND,87
IND,UAPP,2781
IND,LP,561
IND,GVIC,190
IND,IND,378
IND,ALP,221
IND,IND,264
UAPP,UAPP,354
UAPP,LP,425
UAPP,GVIC,1321
UAPP,ALP,1456
UAPP,IND,2419
GVIC,LP,4048
GVIC,GVIC,766
GVIC,ALP,772
GVIC,IND,2985
IND,LP,1251
IND,ALP,5277
IND,IND,5781
ON,LP,670
ON,ALP,379
ON,GVIC,199
ON,UAPP,547
ON,ON,475
ON,VNS,79
VNS,LP,319
VNS,ALP,231
VNS,GVIC,193
VNS,UAPP,2082
VNS,VNS,345
UAPP,LP,322
UAPP,ALP,814
UAPP,GVIC,3020
UAPP,UAPP,697
GVIC,LP,3691
GVIC,ALP,1318
GVIC,GVIC,2405
VNS,GVIC,142
VNS,LP,185
VNS,VNS,155
VNS,UAPP,179
VNS,LDP,232
VNS,ON,137
VNS,ALP,105
LDP,GVIC,846
LDP,LP,148
LDP,UAPP,218
LDP,LDP,99
LDP,ON,87
LDP,ALP,260
ON,GVIC,217
ON,LP,651
ON,UAPP,573
ON,ON,776
ON,ALP,299
UAPP,GVIC,322
UAPP,LP,450
UAPP,UAPP,2504
UAPP,ALP,526
GVIC,GVIC,1947
GVIC,LP,4790
GVIC,ALP,1817
UAPP,ON,1098
UAPP,NP,1667
UAPP,UAPP,590
UAPP,GVIC,336
UAPP,ALP,595
GVIC,ON,3355
GVIC,NP,1141
GVIC,GVIC,284
GVIC,ALP,403
ON,ON,600
ON,NP,1856
ON,ALP,6709
DHJP,GVIC,108
DHJP,DHJP,74
DHJP,LDP,46
DHJP,IND,82
DHJP,ON,29
DHJP,UAPP,24
DHJP,LP,48
DHJP,ALP,32
ON,GVIC,162
ON,LDP,71
ON,IND,132
ON,ON,83
ON,UAPP,37
ON,LP,115
ON,ALP,63
UAPP,GVIC,56
UAPP,LDP,436
UAPP,IND,160
UAPP,UAPP,524
UAPP,LP,134
UAPP,ALP,41
LDP,GVIC,164
LDP,LDP,1154
LDP,IND,504
LDP,LP,492
LDP,ALP,111
GVIC,GVIC,236
GVIC,IND,1034
GVIC,LP,2189
GVIC,ALP,320
ALP,IND,5334
ALP,LP,707
ALP,ALP,2368
GAP,ON,177
GAP,GVIC,42
GAP,UAPP,112
GAP,VNS,54
GAP,ALP,126
GAP,IND,186
GAP,GAP,194
GAP,LP,172
VNS,ON,320
VNS,GVIC,85
VNS,UAPP,473
VNS,VNS,66
VNS,ALP,118
VNS,IND,318
VNS,LP,126
IND,ON,171
IND,GVIC,942
IND,UAPP,247
IND,ALP,464
IND,IND,222
IND,LP,138
ON,ON,740
ON,GVIC,565
ON,UAPP,726
ON,ALP,588
ON,LP,448
GVIC,GVIC,1970
GVIC,UAPP,4372
GVIC,ALP,879
GVIC,LP,906
UAPP,UAPP,3520
UAPP,ALP,6987
UAPP,LP,1422
VNS,CYA,27
VNS,GAP,28
VNS,ALP,43
VNS,IND,49
VNS,TNL,18
VNS,LP,28
VNS,GVIC,35
VNS,ON,83
VNS,VNS,80
VNS,UAPP,43
TNL,CYA,53
TNL,GAP,28
TNL,ALP,127
TNL,IND,80
TNL,TNL,65
TNL,LP,31
TNL,GVIC,399
TNL,ON,72
TNL,UAPP,114
GAP,CYA,89
GAP,GAP,85
GAP,ALP,297
GAP,IND,564
GAP,LP,135
GAP,GVIC,241
GAP,ON,43
GAP,UAPP,61
CYA,CYA,750
CYA,ALP,222
CYA,IND,272
CYA,LP,124
CYA,GVIC,88
CYA,ON,287
CYA,UAPP,225
ON,ALP,1337
ON,IND,747
ON,LP,162
ON,GVIC,130
ON,ON,242
ON,UAPP,227
GVIC,ALP,591
GVIC,IND,1058
GVIC,LP,620
GVIC,GVIC,362
GVIC,UAPP,2968
UAPP,ALP,5818
UAPP,IND,1652
UAPP,LP,804
UAPP,UAPP,766
IND,ALP,1772
IND,IND,5117
IND,LP,3646
AJP,LDP,156
AJP,UAPP,98
AJP,AJP,44
AJP,LP,52
AJP,REAS,49
AJP,ALP,55
AJP,GVIC,61
REAS,LDP,67
REAS,UAPP,136
REAS,LP,162
REAS,REAS,182
REAS,ALP,268
REAS,GVIC,524
UAPP,LDP,130
UAPP,UAPP,103
UAPP,LP,155
UAPP,ALP,392
UAPP,GVIC,909
LDP,LDP,1167
LDP,LP,522
LDP,ALP,178
LDP,GVIC,387
GVIC,LP,2997
GVIC,ALP,590
GVIC,GVIC,581
LDP,IND,114
LDP,ALP,85
LDP,UAPP,109
LDP,ON,196
LDP,LDP,108
LDP,GVIC,59
LDP,LP,59
IND,IND,148
IND,ALP,263
IND,UAPP,618
IND,ON,517
IND,GVIC,235
IND,LP,750
ON,ALP,1076
ON,UAPP,556
ON,ON,409
ON,GVIC,476
ON,LP,418
GVIC,ALP,728
GVIC,UAPP,3420
GVIC,GVIC,557
GVIC,LP,712
UAPP,ALP,5799
UAPP,UAPP,1576
UAPP,LP,1535
UAPP,LDP,728
UAPP,ALP,248
UAPP,GVIC,223
UAPP,UAPP,1377
UAPP,LP,350
LDP,LDP,3296
LDP,ALP,1241
LDP,GVIC,1391
LDP,LP,1318
GVIC,ALP,2906
GVIC,GVIC,1580
GVIC,LP,6129
AJP,AJP,152
AJP,IND,251
AJP,UAPP,118
AJP,ON,272
AJP,GVIC,54
AJP,NP,58
AJP,ALP,65
AJP,LDP,22
AJP,LP,82
LDP,IND,837
LDP,UAPP,183
LDP,ON,246
LDP,GVIC,316
LDP,NP,54
LDP,ALP,125
LDP,LDP,41
LDP,LP,99
UAPP,IND,249
UAPP,UAPP,470
UAPP,ON,793
UAPP,GVIC,45
UAPP,NP,137
UAPP,ALP,84
UAPP,LP,585
GVIC,IND,480
GVIC,ON,2143
GVIC,GVIC,116
GVIC,NP,204
GVIC,ALP,123
GVIC,LP,263
NP,IND,2277
NP,ON,247
NP,NP,265
NP,ALP,1135
NP,LP,233
ON,IND,647
ON,ON,450
ON,ALP,337
ON,LP,3138
ALP,IND,4794
ALP,ALP,1198
ALP,LP,3525
ON,ON,179
ON,ALP,357
ON,LDP,131
ON,LP,186
ON,GVIC,1127
ON,UAPP,279
LDP,ALP,708
LDP,LDP,776
LDP,LP,353
LDP,GVIC,204
LDP,UAPP,1268
UAPP,ALP,789
UAPP,LP,1778
UAPP,GVIC,445
UAPP,UAPP,2680
GVIC,ALP,1589
GVIC,LP,5249
GVIC,GVIC,2244
ON,ALP,129
ON,UAPP,132
ON,IND,124
ON,LDP,137
ON,GVIC,64
ON,ON,103
ON,LP,75
IND,ALP,194
IND,UAPP,1030
IND,IND,234
IND,LDP,468
IND,GVIC,137
IND,LP,314
LDP,ALP,945
LDP,UAPP,498
LDP,LDP,395
LDP,GVIC,1295
LDP,LP,375
UAPP,ALP,422
UAPP,UAPP,2630
UAPP,GVIC,382
UAPP,LP,1326
GVIC,ALP,2270
GVIC,GVIC,1549
GVIC,LP,3964
DHJP,IND,17
DHJP,UAPP,11
DHJP,LDP,15
DHJP,DHJP,7
DHJP,ON,15
DHJP,IND,9
DHJP,LP,28
DHJP,ALP,10
DHJP,AJP,11
DHJP,GVIC,29
IND,IND,35
IND,UAPP,11
IND,LDP,18
IND,ON,25
IND,IND,10
IND,LP,35
IND,ALP,20
IND,AJP,21
IND,GVIC,9
AJP,IND,101
AJP,UAPP,20
AJP,LDP,22
AJP,ON,23
AJP,LP,56
AJP,ALP,24
AJP,AJP,19
AJP,GVIC,19
ON,IND,131
ON,UAPP,21
ON,LDP,31
ON,ON,19
ON,LP,49
ON,ALP,52
ON,GVIC,248
UAPP,IND,76
UAPP,UAPP,312
UAPP,LDP,271
UAPP,LP,111
UAPP,ALP,28
UAPP,GVIC,25
LDP,IND,247
LDP,LDP,709
LDP,LP,297
LDP,ALP,58
LDP,GVIC,75
GVIC,IND,549
GVIC,LP,1258
GVIC,ALP,226
GVIC,GVIC,113
ALP,IND,4725
ALP,LP,561
ALP,ALP,1693
LDP,LP,110
LDP,ON,175
LDP,GVIC,81
LDP,UAPP,118
LDP,ALP,89
LDP,LDP,166
LDP,AJP,151
AJP,LP,349
AJP,ON,613
AJP,GVIC,78
AJP,UAPP,737
AJP,ALP,127
AJP,AJP,173
ON,LP,382
ON,ON,389
ON,GVIC,931
ON,UAPP,466
ON,ALP,606
UAPP,LP,1026
UAPP,GVIC,571
UAPP,UAPP,3648
UAPP,ALP,487
GVIC,LP,6422
GVIC,GVIC,2649
GVIC,ALP,2080
VNS,IND,95
VNS,VNS,52
VNS,UAPP,110
VNS,ALP,143
VNS,LDP,197
VNS,ON,175
VNS,GVIC,82
VNS,LP,97
IND,IND,230
IND,UAPP,167
IND,ALP,327
IND,LDP,69
IND,ON,60
IND,GVIC,600
IND,LP,81
LDP,UAPP,991
LDP,ALP,676
LDP,LDP,253
LDP,ON,211
LDP,GVIC,440
LDP,LP,289
ON,UAPP,1205
ON,ALP,663
ON,ON,696
ON,GVIC,341
ON,LP,1017
GVIC,UAPP,2595
GVIC,ALP,701
GVIC,GVIC,667
GVIC,LP,668
UAPP,UAPP,1580
UAPP,ALP,7847
UAPP,LP,1895
AJP,IND,188
AJP,LP,142
AJP,ALP,64
AJP,LDP,302
AJP,AJP,69
AJP,GVIC,54
AJP,UAPP,530
IND,IND,197
IND,LP,138
IND,ALP,361
IND,LDP,84
IND,GVIC,882
IND,UAPP,131
LDP,LP,602
LDP,ALP,432
LDP,LDP,297
LDP,GVIC,519
LDP,UAPP,370
UAPP,LP,691
UAPP,ALP,232
UAPP,GVIC,263
UAPP,UAPP,1443
GVIC,LP,2778
GVIC,ALP,508
GVIC,GVIC,1250
IND,NP,130
IND,IND,160
IND,IND,142
IND,ALP,116
IND,GVIC,65
IND,UAPP,113
IND,ON,96
GVIC,NP,382
GVIC,IND,1257
GVIC,ALP,295
GVIC,GVIC,146
GVIC,UAPP,119
GVIC,ON,139
ON,NP,651
ON,IND,1439
ON,ALP,2964
ON,UAPP,369
ON,ON,251
UAPP,NP,1737
UAPP,IND,1509
UAPP,ALP,715
UAPP,UAPP,3426
IND,NP,4396
IND,IND,6691
IND,ALP,2211
VNS,GAP,142
VNS,VNS,33
VNS,ALP,71
VNS,ON,48
VNS,UAPP,45
VNS,LP,54
VNS,GVIC,85
VNS,LDP,112
GAP,GAP,145
GAP,ALP,308
GAP,ON,55
GAP,UAPP,51
GAP,LP,62
GAP,GVIC,1224
GAP,LDP,25
ON,ALP,581
ON,ON,482
ON,UAPP,469
ON,LP,122
ON,GVIC,114
ON,LDP,260
LDP,ALP,357
LDP,UAPP,1328
LDP,LP,351
LDP,GVIC,214
LDP,LDP,562
UAPP,ALP,352
UAPP,UAPP,2596
UAPP,LP,1147
UAPP,GVIC,441
GVIC,ALP,1229
GVIC,LP,5229
GVIC,GVIC,1464
LDP,GVIC,206
LDP,UAPP,271
LDP,ON,623
LDP,LDP,345
LDP,LP,138
LDP,ALP,138
UAPP,GVIC,199
UAPP,UAPP,726
UAPP,ON,895
UAPP,LP,887
UAPP,ALP,217
ON,GVIC,884
ON,ON,3573
ON,LP,1411
ON,ALP,603
GVIC,GVIC,2647
GVIC,LP,5909
GVIC,ALP,1922
IND,UAPP,335
IND,ALP,42
IND,GVIC,35
IND,LP,102
IND,LDP,241
IND,IND,73
IND,AJP,85
IND,VNS,24
AJP,UAPP,144
AJP,ALP,173
AJP,GVIC,269
AJP,LP,141
AJP,LDP,189
AJP,AJP,154
AJP,VNS,97
LDP,UAPP,99
LDP,ALP,197
LDP,GVIC,691
LDP,LP,122
LDP,LDP,81
LDP,VNS,365
UAPP,UAPP,985
UAPP,ALP,165
UAPP,GVIC,188
UAPP,LP,659
UAPP,VNS,110
VNS,ALP,678
VNS,GVIC,360
VNS,LP,1387
VNS,VNS,847
LP,ALP,627
LP,GVIC,3310
LP,LP,662
ON,ALP,173
ON,LDP,277
ON,ON,163
ON,LP,126
ON,GVIC,112
ON,UAPP,117
LDP,ALP,187
LDP,LDP,647
LDP,LP,315
LDP,GVIC,199
LDP,UAPP,1127
UAPP,ALP,557
UAPP,LP,1282
UAPP,GVIC,314
UAPP,UAPP,2417
GVIC,ALP,1847
GVIC,LP,3910
GVIC,GVIC,1547
LDP,GVIC,58
LDP,LP,68
LDP,IND,112
LDP,ON,199
LDP,ALP,55
LDP,LDP,124
LDP,UAPP,58
UAPP,GVIC,105
UAPP,LP,757
UAPP,IND,342
UAPP,ON,1083
UAPP,ALP,209
UAPP,UAPP,1176
GVIC,GVIC,252
GVIC,LP,905
GVIC,IND,577
GVIC,ON,2956
GVIC,ALP,535
ON,LP,1156
ON,IND,2906
ON,ON,458
ON,ALP,5428
IND,LP,4360
IND,IND,6102
IND,ALP,1523
CEC,LDP,42
CEC,NP,19
CEC,ON,81
CEC,ALP,15
CEC,CEC,21
CEC,UAPP,27
CEC,GVIC,18
CEC,SOPA,33
CEC,LP,34
CEC,IND,77
SOPA,LDP,43
SOPA,NP,38
SOPA,ON,85
SOPA,ALP,58
SOPA,UAPP,52
SOPA,GVIC,27
SOPA,SOPA,33
SOPA,LP,15
SOPA,IND,47
GVIC,LDP,35
GVIC,NP,40
GVIC,ON,66
GVIC,ALP,81
GVIC,UAPP,46
GVIC,GVIC,210
GVIC,LP,45
GVIC,IND,196
LDP,LDP,95
LDP,NP,181
LDP,ON,156
LDP,ALP,1261
LDP,UAPP,178
LDP,LP,205
LDP,IND,1237
UAPP,NP,1324
UAPP,ON,822
UAPP,ALP,259
UAPP,UAPP,269
UAPP,LP,637
UAPP,IND,270
ON,NP,629
ON,ON,2317
ON,ALP,453
ON,LP,386
ON,IND,608
ALP,NP,3755
ALP,ALP,924
ALP,LP,1563
ALP,IND,3504
LP,NP,3313
LP,LP,1798
LP,IND,8910
LDP,GVIC,1213
LDP,ON,151
LDP,LDP,98
LDP,ALP,423
LDP,UAPP,279
LDP,LP,305
ON,GVIC,289
ON,ON,1019
ON,ALP,545
ON,UAPP,678
ON,LP,989
GVIC,GVIC,1005
GVIC,ALP,954
GVIC,UAPP,4345
GVIC,LP,773
UAPP,ALP,9198
UAPP,UAPP,1994
UAPP,LP,1268
IND,IND,168
IND,LP,432
IND,ON,378
IND,GVIC,71
IND,IND,195
IND,UAPP,546
IND,ALP,183
ON,LP,638
ON,ON,454
ON,GVIC,150
ON,IND,736
ON,UAPP,382
ON,ALP,154
UAPP,LP,818
UAPP,GVIC,243
UAPP,IND,923
UAPP,UAPP,1838
UAPP,ALP,285
GVIC,LP,2486
GVIC,GVIC,330
GVIC,IND,2448
GVIC,ALP,810
ALP,LP,773
ALP,IND,4073
ALP,ALP,2392
AJP,LP,102
AJP,ON,253
AJP,VNS,82
AJP,SAL,72
AJP,UAPP,137
AJP,ALP,69
AJP,AJP,47
AJP,GVIC,27
ON,LP,122
ON,ON,108
ON,VNS,151
ON,SAL,165
ON,UAPP,117
ON,ALP,329
ON,GVIC,735
VNS,LP,418
VNS,VNS,212
VNS,SAL,150
VNS,UAPP,1810
VNS,ALP,208
VNS,GVIC,117
SAL,LP,170
SAL,SAL,1705
SAL,UAPP,126
SAL,ALP,266
SAL,GVIC,892
UAPP,LP,248
UAPP,UAPP,517
UAPP,ALP,938
UAPP,GVIC,3485
LP,LP,3007
LP,ALP,1607
LP,GVIC,1445
LDP,ALP,92
LDP,LP,69
LDP,UAPP,73
LDP,GRN,41
LDP,AUC,42
LDP,WAP,64
LDP,LDP,35
LDP,GAP,129
LDP,ON,53
GAP,ALP,146
GAP,LP,268
GAP,UAPP,125
GAP,GRN,75
GAP,AUC,49
GAP,WAP,116
GAP,GAP,114
GAP,ON,216
AUC,ALP,85
AUC,LP,36
AUC,UAPP,368
AUC,GRN,69
AUC,AUC,146
AUC,WAP,297
AUC,ON,732
WAP,ALP,252
WAP,LP,667
WAP,UAPP,547
WAP,GRN,168
WAP,WAP,242
WAP,ON,451
UAPP,ALP,856
UAPP,LP,522
UAPP,UAPP,401
UAPP,GRN,690
UAPP,ON,842
ON,ALP,459
ON,LP,836
ON,GRN,451
ON,ON,2479
GRN,ALP,2201
GRN,LP,3742
GRN,GRN,3969
UAPP,ON,817
UAPP,UAPP,255
UAPP,GRN,125
UAPP,WAP,190
UAPP,LP,72
UAPP,AUC,150
UAPP,ALP,132
WAP,ON,1254
WAP,GRN,274
WAP,WAP,356
WAP,LP,219
WAP,AUC,268
WAP,ALP,158
AUC,ON,724
AUC,GRN,651
AUC,LP,524
AUC,AUC,337
AUC,ALP,700
ON,ON,1109
ON,GRN,314
ON,LP,2119
ON,ALP,641
GRN,GRN,3542
GRN,LP,3229
GRN,ALP,1569
LDP,LP,25
LDP,ALP,26
LDP,ON,100
LDP,UAPP,66
LDP,WAP,67
LDP,IMO,222
LDP,GRN,25
LDP,IND,46
LDP,AUC,19
LDP,LDP,32
IMO,LP,173
IMO,ALP,38
IMO,ON,125
IMO,UAPP,98
IMO,WAP,69
IMO,IMO,54
IMO,GRN,43
IMO,IND,69
IMO,AUC,112
AUC,LP,41
AUC,ALP,58
AUC,ON,218
AUC,UAPP,149
AUC,WAP,142
AUC,GRN,96
AUC,IND,248
AUC,AUC,109
IND,LP,1148
IND,ALP,75
IND,ON,246
IND,UAPP,94
IND,WAP,92
IND,GRN,61
IND,IND,213
WAP,LP,176
WAP,ALP,161
WAP,ON,433
WAP,UAPP,582
WAP,WAP,512
WAP,GRN,420
UAPP,LP,607
UAPP,ALP,617
UAPP,ON,722
UAPP,UAPP,546
UAPP,GRN,592
ON,LP,396
ON,ALP,228
ON,ON,2898
ON,GRN,451
GRN,LP,3577
GRN,ALP,1689
GRN,GRN,3691
CYA,ALP,175
CYA,GRN,63
CYA,AUC,40
CYA,CYA,69
CYA,ON,180
CYA,WAP,150
CYA,UAPP,107
CYA,LP,260
CYA,AJP,36
AJP,ALP,89
AJP,GRN,62
AJP,AUC,230
AJP,ON,323
AJP,WAP,147
AJP,UAPP,193
AJP,LP,72
AJP,AJP,78
AUC,ALP,308
AUC,GRN,597
AUC,AUC,97
AUC,ON,144
AUC,WAP,355
AUC,UAPP,133
AUC,LP,255
WAP,ALP,286
WAP,GRN,243
WAP,ON,446
WAP,WAP,199
WAP,UAPP,208
WAP,LP,844
UAPP,ALP,582
UAPP,GRN,514
UAPP,ON,495
UAPP,UAPP,473
UAPP,LP,501
ON,ALP,324
ON,GRN,466
ON,ON,2102
ON,LP,645
GRN,ALP,1014
GRN,GRN,2487
GRN,LP,3028
WAP,UAPP,197
WAP,WAP,113
WAP,LP,52
WAP,ON,294
WAP,IND,68
WAP,ALP,13
WAP,GRN,26
ON,UAPP,199
ON,LP,390
ON,ON,134
ON,IND,320
ON,ALP,186
ON,GRN,127
UAPP,UAPP,1093
UAPP,LP,232
UAPP,IND,249
UAPP,ALP,83
UAPP,GRN,81
GRN,LP,1509
GRN,IND,1335
GRN,ALP,211
GRN,GRN,262
ALP,LP,870
ALP,IND,5978
ALP,ALP,4537
UAPP,LP,567
UAPP,GAP,419
UAPP,WAP,126
UAPP,ALP,69
UAPP,ON,92
UAPP,NP,54
UAPP,GRN,36
UAPP,UAPP,90
WAP,LP,223
WAP,GAP,294
WAP,WAP,194
WAP,ALP,121
WAP,ON,994
WAP,NP,206
WAP,GRN,287
GAP,LP,449
GAP,GAP,694
GAP,ALP,541
GAP,ON,450
GAP,NP,329
GAP,GRN,340
GRN,LP,449
GRN,ALP,425
GRN,ON,2531
GRN,NP,388
GRN,GRN,352
ON,LP,1144
ON,ALP,5656
ON,ON,842
ON,NP,1830
NP,LP,2459
NP,ALP,1618
NP,NP,7006
LDP,UAPP,129
LDP,LDP,75
LDP,GRN,135
LDP,WAP,131
LDP,GAP,447
LDP,ALP,41
LDP,ON,140
LDP,LP,54
WAP,UAPP,336
WAP,GRN,203
WAP,WAP,188
WAP,GAP,119
WAP,ALP,137
WAP,ON,212
WAP,LP,457
UAPP,UAPP,281
UAPP,GRN,439
UAPP,GAP,618
UAPP,ALP,424
UAPP,ON,293
UAPP,LP,394
GAP,GRN,871
GAP,GAP,692
GAP,ALP,177
GAP,ON,1127
GAP,LP,305
ON,GRN,671
ON,ALP,454
ON,ON,3314
ON,LP,344
GRN,GRN,3251
GRN,ALP,1870
GRN,LP,4985
LDP,GAP,87
LDP,CYA,58
LDP,ALP,222
LDP,UAPP,17
LDP,LP,17
LDP,GRN,707
LDP,LDP,12
LDP,WAP,46
LDP,ON,18
CYA,GAP,64
CYA,CYA,85
CYA,ALP,164
CYA,UAPP,147
CYA,LP,324
CYA,GRN,143
CYA,WAP,171
CYA,ON,165
UAPP,GAP,665
UAPP,ALP,156
UAPP,UAPP,140
UAPP,LP,96
UAPP,GRN,160
UAPP,WAP,129
UAPP,ON,164
WAP,GAP,313
WAP,ALP,186
WAP,LP,250
WAP,GRN,168
WAP,WAP,204
WAP,ON,1183
GAP,GAP,607
GAP,ALP,610
GAP,LP,465
GAP,GRN,566
GAP,ON,550
ON,ALP,1076
ON,LP,549
ON,GRN,560
ON,ON,1844
GRN,ALP,1316
GRN,LP,3213
GRN,GRN,2455
CYA,IND,93
CYA,GRN,53
CYA,UAPP,175
CYA,WAP,95
CYA,ON,200
CYA,LP,315
CYA,CYA,124
CYA,ALP,225
WAP,IND,209
WAP,GRN,200
WAP,UAPP,309
WAP,WAP,219
WAP,ON,517
WAP,LP,166
WAP,ALP,243
UAPP,IND,633
UAPP,GRN,409
UAPP,UAPP,318
UAPP,ON,425
UAPP,LP,523
UAPP,ALP,567
IND,IND,519
IND,GRN,401
IND,ON,2231
IND,LP,395
IND,ALP,229
ON,GRN,2303
ON,ON,1137
ON,LP,540
ON,ALP,792
GRN,GRN,3115
GRN,LP,3662
GRN,ALP,1516
GAP,GAP,257
GAP,WAP,96
GAP,ALP,19
GAP,GRN,40
GAP,LP,66
GAP,ON,144
GAP,UAPP,170
UAPP,WAP,808
UAPP,ALP,135
UAPP,GRN,108
UAPP,LP,112
UAPP,ON,600
UAPP,UAPP,420
WAP,WAP,456
WAP,ALP,114
WAP,GRN,192
WAP,LP,295
WAP,ON,1875
ON,ALP,1412
ON,GRN,961
ON,LP,1029
ON,ON,1053
GRN,ALP,1137
GRN,GRN,2332
GRN,LP,3744
UAPP,ON,166
UAPP,ALP,78
UAPP,GRN,134
UAPP,WAP,163
UAPP,AUC,101
UAPP,UAPP,97
UAPP,GAP,542
UAPP,LP,67
WAP,ON,782
WAP,ALP,104
WAP,GRN,85
WAP,WAP,139
WAP,AUC,123
WAP,GAP,381
WAP,LP,205
AUC,ON,448
AUC,ALP,417
AUC,GRN,456
AUC,AUC,222
AUC,GAP,629
AUC,LP,496
GAP,ON,681
GAP,ALP,219
GAP,GRN,170
GAP,GAP,508
GAP,LP,1647
ON,ON,2813
ON,ALP,298
ON,GRN,609
ON,LP,677
GRN,ALP,3231
GRN,GRN,3478
GRN,LP,5014
LDP,GAP,188
LDP,GRN,47
LDP,LDP,37
LDP,ALP,27
LDP,UAPP,36
LDP,WAP,65
LDP,ON,117
LDP,LP,51
LDP,AUC,116
AUC,GAP,134
AUC,GRN,199
AUC,ALP,287
AUC,UAPP,146
AUC,WAP,151
AUC,ON,190
AUC,LP,428
AUC,AUC,50
GAP,GAP,105
GAP,GRN,131
GAP,ALP,177
GAP,UAPP,158
GAP,WAP,172
GAP,ON,459
GAP,LP,1061
WAP,GRN,761
WAP,ALP,162
WAP,UAPP,552
WAP,WAP,368
WAP,ON,687
WAP,LP,57
UAPP,GRN,659
UAPP,ALP,634
UAPP,UAPP,440
UAPP,ON,667
UAPP,LP,562
ON,GRN,518
ON,ALP,383
ON,ON,2574
ON,LP,391
GRN,GRN,3203
GRN,ALP,1577
GRN,LP,4209
CYA,ON,131
CYA,AUC,65
CYA,WAP,109
CYA,AJP,36
CYA,ALP,35
CYA,LDP,19
CYA,UAPP,91
CYA,GRN,15
CYA,LP,23
CYA,CYA,178
LDP,ON,152
LDP,AUC,75
LDP,WAP,74
LDP,AJP,71
LDP,ALP,38
LDP,LDP,198
LDP,UAPP,125
LDP,GRN,71
LDP,LP,84
AJP,ON,217
AJP,AUC,143
AJP,WAP,127
AJP,AJP,69
AJP,ALP,258
AJP,UAPP,204
AJP,GRN,145
AJP,LP,461
AUC,ON,131
AUC,AUC,72
AUC,WAP,349
AUC,ALP,281
AUC,UAPP,88
AUC,GRN,672
AUC,LP,118
UAPP,ON,476
UAPP,WAP,260
UAPP,ALP,187
UAPP,UAPP,292
UAPP,GRN,113
UAPP,LP,541
WAP,ON,1324
WAP,WAP,471
WAP,ALP,138
WAP,GRN,252
WAP,LP,220
ON,ON,909
ON,ALP,887
ON,GRN,674
ON,LP,798
GRN,ALP,1669
GRN,GRN,1871
GRN,LP,2549
LDP,UAPP,104
LDP,LDP,135
LDP,AJP,59
LDP,ALP,64
LDP,WAP,119
LDP,ON,152
LDP,LP,22
LDP,GRN,32
LDP,AUC,105
AUC,UAPP,301
AUC,AJP,198
AUC,ALP,294
AUC,WAP,228
AUC,ON,248
AUC,LP,523
AUC,GRN,107
AUC,AUC,57
WAP,UAPP,441
WAP,AJP,96
WAP,ALP,205
WAP,WAP,148
WAP,ON,323
WAP,LP,645
WAP,GRN,234
AJP,UAPP,241
AJP,AJP,426
AJP,ALP,550
AJP,ON,423
AJP,LP,558
AJP,GRN,356
ON,UAPP,430
ON,ALP,714
ON,ON,343
ON,LP,312
ON,GRN,1194
UAPP,UAPP,2242
UAPP,ALP,489
UAPP,LP,743
UAPP,GRN,559
GRN,ALP,1776
GRN,LP,2782
GRN,GRN,1838
LDP,ON,185
LDP,WAP,129
LDP,AUC,114
LDP,UAPP,125
LDP,ALP,83
LDP,LP,101
LDP,LDP,212
LDP,GRN,79
UAPP,ON,249
UAPP,WAP,155
UAPP,AUC,80
UAPP,UAPP,231
UAPP,ALP,109
UAPP,LP,336
UAPP,GRN,162
WAP,ON,1146
WAP,WAP,254
WAP,AUC,199
WAP,ALP,126
WAP,LP,216
WAP,GRN,136
AUC,ON,568
AUC,AUC,330
AUC,ALP,665
AUC,LP,594
AUC,GRN,477
ON,ON,953
ON,ALP,445
ON,LP,1545
ON,GRN,261
GRN,ALP,1286
GRN,LP,2572
GRN,GRN,1531
